上海市,黄浦区,,310101
上海市,徐汇区,,310104
上海市,长宁区,,310105
上海市,静安区,,310106
上海市,普陀区,,310107
上海市,虹口区,,310109
上海市,杨浦区,,310110
上海市,闵行区,,310112
上海市,宝山区,,310113
上海市,嘉定区,,310114
上海市,浦东新区,,310115
上海市,金山区,,310116
上海市,松江区,,310117
上海市,青浦区,,310118
上海市,奉贤区,,310120
上海市,崇明区,,310230
云南省,昆明市,五华区,530102
云南省,昆明市,盘龙区,530103
云南省,昆明市,官渡区,530111
云南省,昆明市,西山区,530112
云南省,昆明市,东川区,530113
云南省,昆明市,呈贡区,530114
云南省,昆明市,晋宁区,530122
云南省,昆明市,富民县,530124
云南省,昆明市,宜良县,530125
云南省,昆明市,石林彝族自治县,530126
云南省,昆明市,嵩明县,530127
云南省,昆明市,禄劝彝族苗族自治县,530128
云南省,昆明市,寻甸回族彝族自治县,530129
云南省,昆明市,安宁市,530181
云南省,曲靖市,麒麟区,530302
云南省,曲靖市,马龙县,530321
云南省,曲靖市,陆良县,530322
云南省,曲靖市,师宗县,530323
云南省,曲靖市,罗平县,530324
云南省,曲靖市,富源县,530325
云南省,曲靖市,会泽县,530326
云南省,曲靖市,沾益区,530328
云南省,曲靖市,宣威市,530381
云南省,玉溪市,红塔区,530402
云南省,玉溪市,江川区,530421
云南省,玉溪市,澄江县,530422
云南省,玉溪市,通海县,530423
云南省,玉溪市,华宁县,530424
云南省,玉溪市,易门县,530425
云南省,玉溪市,峨山彝族自治县,530426
云南省,玉溪市,新平彝族傣族自治县,530427
云南省,玉溪市,元江哈尼族彝族傣族自治县,530428
云南省,昭通市,昭阳区,530602
云南省,昭通市,鲁甸县,530621
云南省,昭通市,巧家县,530622
云南省,昭通市,盐津县,530623
云南省,昭通市,大关县,530624
云南省,昭通市,永善县,530625
云南省,昭通市,绥江县,530626
云南省,昭通市,镇雄县,530627
云南省,昭通市,彝良县,530628
云南省,昭通市,威信县,530629
云南省,昭通市,水富县,530630
云南省,丽江市,古城区,530702
云南省,丽江市,玉龙纳西族自治县,530721
云南省,丽江市,永胜县,530722
云南省,丽江市,华坪县,530723
云南省,丽江市,宁蒗彝族自治县,530724
云南省,普洱市,思茅区,530802
云南省,普洱市,宁洱哈尼族彝族县,530821
云南省,普洱市,墨江哈尼族县,530822
云南省,普洱市,景东彝族县,530823
云南省,普洱市,景谷傣族彝族县,530824
云南省,普洱市,镇沅彝族哈尼族拉祜族县,530825
云南省,普洱市,江城哈尼族彝族县,530826
云南省,普洱市,孟连傣族拉祜族佤族县,530827
云南省,普洱市,澜沧拉祜族县,530828
云南省,普洱市,西盟佤族县,530829
云南省,临沧市,临翔区,530902
云南省,临沧市,凤庆县,530921
云南省,临沧市,云县,530922
云南省,临沧市,永德县,530923
云南省,临沧市,镇康县,530924
云南省,临沧市,双江拉祜族佤族布朗族傣族自治县,530925
云南省,临沧市,耿马傣族佤族自治县,530926
云南省,临沧市,沧源佤族自治县,530927
云南省,楚雄彝族自治州,楚雄市,532301
云南省,楚雄彝族自治州,双柏县,532322
云南省,楚雄彝族自治州,牟定县,532323
云南省,楚雄彝族自治州,南华县,532324
云南省,楚雄彝族自治州,姚安县,532325
云南省,楚雄彝族自治州,大姚县,532326
云南省,楚雄彝族自治州,永仁县,532327
云南省,楚雄彝族自治州,元谋县,532328
云南省,楚雄彝族自治州,武定县,532329
云南省,楚雄彝族自治州,禄丰县,532331
云南省,红河哈尼族彝族自治州,个旧市,532501
云南省,红河哈尼族彝族自治州,开远市,532502
云南省,红河哈尼族彝族自治州,蒙自市,532503
云南省,红河哈尼族彝族自治州,屏边苗族自治县,532523
云南省,红河哈尼族彝族自治州,建水县,532524
云南省,红河哈尼族彝族自治州,石屏县,532525
云南省,红河哈尼族彝族自治州,弥勒市,532526
云南省,红河哈尼族彝族自治州,泸西县,532527
云南省,红河哈尼族彝族自治州,元阳县,532528
云南省,红河哈尼族彝族自治州,红河县,532529
云南省,红河哈尼族彝族自治州,金平苗族瑶族傣族自治县,532530
云南省,红河哈尼族彝族自治州,绿春县,532531
云南省,红河哈尼族彝族自治州,河口瑶族自治县,532532
云南省,文山壮族苗族自治州,文山县,532601
云南省,文山壮族苗族自治州,砚山县,532622
云南省,文山壮族苗族自治州,西畴县,532623
云南省,文山壮族苗族自治州,麻栗坡县,532624
云南省,文山壮族苗族自治州,马关县,532625
云南省,文山壮族苗族自治州,丘北县,532626
云南省,文山壮族苗族自治州,广南县,532627
云南省,文山壮族苗族自治州,富宁县,532628
云南省,西双版纳傣族自治州,景洪市,532801
云南省,西双版纳傣族自治州,勐海县,532822
云南省,西双版纳傣族自治州,勐腊县,532823
云南省,大理白族自治州,大理市,532901
云南省,大理白族自治州,漾濞彝族自治县,532922
云南省,大理白族自治州,祥云县,532923
云南省,大理白族自治州,宾川县,532924
云南省,大理白族自治州,弥渡县,532925
云南省,大理白族自治州,南涧彝族自治县,532926
云南省,大理白族自治州,巍山彝族回族自治县,532927
云南省,大理白族自治州,永平县,532928
云南省,大理白族自治州,云龙县,532929
云南省,大理白族自治州,洱源县,532930
云南省,大理白族自治州,剑川县,532931
云南省,大理白族自治州,鹤庆县,532932
云南省,德宏傣族景颇族自治州,瑞丽市,533102
云南省,德宏傣族景颇族自治州,芒市,533103
云南省,德宏傣族景颇族自治州,梁河县,533122
云南省,德宏傣族景颇族自治州,盈江县,533123
云南省,德宏傣族景颇族自治州,陇川县,533124
云南省,怒江傈僳族自治州,泸水市,533321
云南省,怒江傈僳族自治州,福贡县,533323
云南省,怒江傈僳族自治州,贡山独龙族怒族县,533324
云南省,怒江傈僳族自治州,兰坪白族普米族县,533325
云南省,迪庆藏族自治州,香格里拉市,533421
云南省,迪庆藏族自治州,德钦县,533422
云南省,迪庆藏族自治州,维西县,533423
云南省,保山市,隆阳区,530502
云南省,保山市,施甸县,530521
云南省,保山市,腾冲市,530522
云南省,保山市,龙陵县,530523
云南省,保山市,昌宁县,530524
内蒙古自治区,呼和浩特市,新城区,150102
内蒙古自治区,呼和浩特市,回民区,150103
内蒙古自治区,呼和浩特市,玉泉区,150104
内蒙古自治区,呼和浩特市,赛罕区,150105
内蒙古自治区,呼和浩特市,土默特左旗,150121
内蒙古自治区,呼和浩特市,托克托县,150122
内蒙古自治区,呼和浩特市,和林格尔县,150123
内蒙古自治区,呼和浩特市,清水河县,150124
内蒙古自治区,呼和浩特市,武川县,150125
内蒙古自治区,包头市,东河区,150202
内蒙古自治区,包头市,昆都仑区,150203
内蒙古自治区,包头市,青山区,150204
内蒙古自治区,包头市,石拐区,150205
内蒙古自治区,包头市,白云矿区,150206
内蒙古自治区,包头市,九原区,150207
内蒙古自治区,包头市,土默特右旗,150221
内蒙古自治区,包头市,固阳县,150222
内蒙古自治区,包头市,达尔罕茂明安联合旗,150223
内蒙古自治区,乌海市,海勃湾区,150302
内蒙古自治区,乌海市,海南区,150303
内蒙古自治区,乌海市,乌达区,150304
内蒙古自治区,赤峰市,红山区,150402
内蒙古自治区,赤峰市,元宝山区,150403
内蒙古自治区,赤峰市,松山区,150404
内蒙古自治区,赤峰市,阿鲁科尔沁旗,150421
内蒙古自治区,赤峰市,巴林左旗,150422
内蒙古自治区,赤峰市,巴林右旗,150423
内蒙古自治区,赤峰市,林西县,150424
内蒙古自治区,赤峰市,克什克腾旗,150425
内蒙古自治区,赤峰市,翁牛特旗,150426
内蒙古自治区,赤峰市,喀喇沁旗,150428
内蒙古自治区,赤峰市,宁城县,150429
内蒙古自治区,赤峰市,敖汉旗,150430
内蒙古自治区,通辽市,科尔沁区,150502
内蒙古自治区,通辽市,科尔沁左翼中旗,150521
内蒙古自治区,通辽市,科尔沁左翼后旗,150522
内蒙古自治区,通辽市,开鲁县,150523
内蒙古自治区,通辽市,库伦旗,150524
内蒙古自治区,通辽市,奈曼旗,150525
内蒙古自治区,通辽市,扎鲁特旗,150526
内蒙古自治区,通辽市,霍林郭勒市,150581
内蒙古自治区,鄂尔多斯市,东胜区,150602
内蒙古自治区,鄂尔多斯市,达拉特旗,150621
内蒙古自治区,鄂尔多斯市,准格尔旗,150622
内蒙古自治区,鄂尔多斯市,鄂托克前旗,150623
内蒙古自治区,鄂尔多斯市,鄂托克旗,150624
内蒙古自治区,鄂尔多斯市,杭锦旗,150625
内蒙古自治区,鄂尔多斯市,乌审旗,150626
内蒙古自治区,鄂尔多斯市,伊金霍洛旗,150627
内蒙古自治区,呼伦贝尔市,海拉尔区,150702
内蒙古自治区,呼伦贝尔市,阿荣旗,150721
内蒙古自治区,呼伦贝尔市,莫力达瓦达斡尔族自治旗,150722
内蒙古自治区,呼伦贝尔市,鄂伦春自治旗,150723
内蒙古自治区,呼伦贝尔市,鄂温克族自治旗,150724
内蒙古自治区,呼伦贝尔市,陈巴尔虎旗,150725
内蒙古自治区,呼伦贝尔市,新巴尔虎左旗,150726
内蒙古自治区,呼伦贝尔市,新巴尔虎右旗,150727
内蒙古自治区,呼伦贝尔市,满洲里市,150781
内蒙古自治区,呼伦贝尔市,牙克石市,150782
内蒙古自治区,呼伦贝尔市,扎兰屯市,150783
内蒙古自治区,呼伦贝尔市,额尔古纳市,150784
内蒙古自治区,呼伦贝尔市,根河市,150785
内蒙古自治区,巴彦淖尔市,临河区,150802
内蒙古自治区,巴彦淖尔市,五原县,150821
内蒙古自治区,巴彦淖尔市,磴口县,150822
内蒙古自治区,巴彦淖尔市,乌拉特前旗,150823
内蒙古自治区,巴彦淖尔市,乌拉特中旗,150824
内蒙古自治区,巴彦淖尔市,乌拉特后旗,150825
内蒙古自治区,巴彦淖尔市,杭锦后旗,150826
内蒙古自治区,乌兰察布市,集宁区,150902
内蒙古自治区,乌兰察布市,卓资县,150921
内蒙古自治区,乌兰察布市,化德县,150922
内蒙古自治区,乌兰察布市,商都县,150923
内蒙古自治区,乌兰察布市,兴和县,150924
内蒙古自治区,乌兰察布市,凉城县,150925
内蒙古自治区,乌兰察布市,察哈尔右翼前旗,150926
内蒙古自治区,乌兰察布市,察哈尔右翼中旗,150927
内蒙古自治区,乌兰察布市,察哈尔右翼后旗,150928
内蒙古自治区,乌兰察布市,四子王旗,150929
内蒙古自治区,乌兰察布市,丰镇市,150981
内蒙古自治区,兴安盟,乌兰浩特市,152201
内蒙古自治区,兴安盟,阿尔山市,152202
内蒙古自治区,兴安盟,科尔沁右翼前旗,152221
内蒙古自治区,兴安盟,科尔沁右翼中旗,152222
内蒙古自治区,兴安盟,扎赉特旗,152223
内蒙古自治区,兴安盟,突泉县,152224
内蒙古自治区,锡林郭勒盟,二连浩特市,152501
内蒙古自治区,锡林郭勒盟,锡林浩特市,152502
内蒙古自治区,锡林郭勒盟,阿巴嘎旗,152522
内蒙古自治区,锡林郭勒盟,苏尼特左旗,152523
内蒙古自治区,锡林郭勒盟,苏尼特右旗,152524
内蒙古自治区,锡林郭勒盟,东乌珠穆沁旗,152525
内蒙古自治区,锡林郭勒盟,西乌珠穆沁旗,152526
内蒙古自治区,锡林郭勒盟,太仆寺旗,152527
内蒙古自治区,锡林郭勒盟,镶黄旗,152528
内蒙古自治区,锡林郭勒盟,正镶白旗,152529
内蒙古自治区,锡林郭勒盟,正蓝旗,152530
内蒙古自治区,锡林郭勒盟,多伦县,152531
内蒙古自治区,阿拉善盟,阿拉善左旗,152921
内蒙古自治区,阿拉善盟,阿拉善右旗,152922
内蒙古自治区,阿拉善盟,额济纳旗,152923
内蒙古自治区,鄂尔多斯市,巴什区,
北京市,东城区,,110101
北京市,西城区,,110102
北京市,崇文区,,110103
北京市,宣武区,,110104
北京市,朝阳区,,110105
北京市,丰台区,,110106
北京市,石景山区,,110107
北京市,海淀区,,110108
北京市,门头沟区,,110109
北京市,房山区,,110111
北京市,通州区,,110112
北京市,顺义区,,110113
北京市,昌平区,,110114
北京市,大兴区,,110115
北京市,怀柔区,,110116
北京市,平谷区,,110117
北京市,密云区,,110228
北京市,延庆区,,110229
吉林省,长春市,南关区,220102
吉林省,长春市,宽城区,220103
吉林省,长春市,朝阳区,220104
吉林省,长春市,二道区,220105
吉林省,长春市,绿园区,220106
吉林省,长春市,双阳区,220112
吉林省,长春市,农安县,220122
吉林省,长春市,九台区,220113
吉林省,长春市,榆树市,220182
吉林省,长春市,德惠市,220183
吉林省,吉林市,昌邑区,220202
吉林省,吉林市,龙潭区,220203
吉林省,吉林市,船营区,220204
吉林省,吉林市,丰满区,220211
吉林省,吉林市,永吉县,220221
吉林省,吉林市,桦甸市,220281
吉林省,吉林市,蛟河市,220282
吉林省,吉林市,舒兰市,220283
吉林省,吉林市,磐石市,220284
吉林省,四平市,铁西区,220302
吉林省,四平市,铁东区,220303
吉林省,四平市,梨树县,220322
吉林省,四平市,伊通满族自治县,220323
吉林省,四平市,公主岭市,220381
吉林省,四平市,双辽市,220382
吉林省,辽源市,龙山区,220402
吉林省,辽源市,西安区,220403
吉林省,辽源市,东丰县,220421
吉林省,辽源市,东辽县,220422
吉林省,通化市,东昌区,220502
吉林省,通化市,二道江区,220503
吉林省,通化市,通化县,220521
吉林省,通化市,辉南县,220523
吉林省,通化市,柳河县,220524
吉林省,通化市,梅河口市,220581
吉林省,通化市,集安市,220582
吉林省,白山市,浑江区,220602
吉林省,白山市,江源区,220604
吉林省,白山市,抚松县,220621
吉林省,白山市,靖宇县,220622
吉林省,白山市,长白朝鲜族自治县,220623
吉林省,白山市,临江市,220681
吉林省,松原市,宁江区,220702
吉林省,松原市,前郭尔罗斯蒙古族自治县,220721
吉林省,松原市,长岭县,220722
吉林省,松原市,乾安县,220723
吉林省,松原市,扶余市,220724
吉林省,白城市,洮北区,220802
吉林省,白城市,镇赉县,220821
吉林省,白城市,洮南市,220881
吉林省,白城市,大安市,220882
吉林省,白城市,通榆县,220822
吉林省,延边朝鲜族自治州,延吉市,222401
吉林省,延边朝鲜族自治州,图们市,222402
吉林省,延边朝鲜族自治州,敦化市,222403
吉林省,延边朝鲜族自治州,珲春市,222404
吉林省,延边朝鲜族自治州,龙井市,222405
吉林省,延边朝鲜族自治州,和龙市,222406
吉林省,延边朝鲜族自治州,汪清县,222424
吉林省,延边朝鲜族自治州,安图县,222426
四川省,成都市,锦江区,510104
四川省,成都市,青羊区,510105
四川省,成都市,金牛区,510106
四川省,成都市,武侯区,510107
四川省,成都市,成华区,510108
四川省,成都市,龙泉驿区,510112
四川省,成都市,青白江区,510113
四川省,成都市,新都区,510114
四川省,成都市,温江区,510115
四川省,成都市,金堂县,510121
四川省,成都市,双流区,510122
四川省,成都市,郫都区,510124
四川省,成都市,大邑县,510129
四川省,成都市,蒲江县,510131
四川省,成都市,新津县,510132
四川省,成都市,都江堰市,510181
四川省,成都市,彭州市,510182
四川省,成都市,邛崃市,510183
四川省,成都市,崇州市,510184
四川省,自贡市,自流井区,510302
四川省,自贡市,贡井区,510303
四川省,自贡市,大安区,510304
四川省,自贡市,沿滩区,510311
四川省,自贡市,荣县,510321
四川省,自贡市,富顺县,510322
四川省,攀枝花市,东区,510402
四川省,攀枝花市,西区,510403
四川省,攀枝花市,仁和区,510411
四川省,攀枝花市,米易县,510421
四川省,攀枝花市,盐边县,510422
四川省,泸州市,江阳区,510502
四川省,泸州市,纳溪区,510503
四川省,泸州市,龙马潭区,510504
四川省,泸州市,泸县,510521
四川省,泸州市,合江县,510522
四川省,泸州市,叙永县,510524
四川省,泸州市,古蔺县,510525
四川省,德阳市,旌阳区,510603
四川省,德阳市,中江县,510623
四川省,德阳市,罗江县,510626
四川省,德阳市,广汉市,510681
四川省,德阳市,什邡市,510682
四川省,德阳市,绵竹市,510683
四川省,绵阳市,涪城区,510703
四川省,绵阳市,游仙区,510704
四川省,绵阳市,三台县,510722
四川省,绵阳市,盐亭县,510723
四川省,绵阳市,安州区,510724
四川省,绵阳市,梓潼县,510725
四川省,绵阳市,北川羌族自治县,510726
四川省,绵阳市,平武县,510727
四川省,绵阳市,江油市,510781
四川省,广元市,利州区,510802
四川省,广元市,昭化区,510811
四川省,广元市,朝天区,510812
四川省,广元市,旺苍县,510821
四川省,广元市,青川县,510822
四川省,广元市,剑阁县,510823
四川省,广元市,苍溪县,510824
四川省,遂宁市,船山区,510903
四川省,遂宁市,安居区,510904
四川省,遂宁市,蓬溪县,510921
四川省,遂宁市,射洪县,510922
四川省,遂宁市,大英县,510923
四川省,内江市,市中区,511002
四川省,内江市,东兴区,511011
四川省,内江市,威远县,511024
四川省,内江市,资中县,511025
四川省,内江市,隆昌县,511028
四川省,乐山市,市中区,511102
四川省,乐山市,沙湾区,511111
四川省,乐山市,五通桥区,511112
四川省,乐山市,金口河区,511113
四川省,乐山市,犍为县,511123
四川省,乐山市,井研县,511124
四川省,乐山市,夹江县,511126
四川省,乐山市,沐川县,511129
四川省,乐山市,峨边彝族自治县,511132
四川省,乐山市,马边彝族自治县,511133
四川省,乐山市,峨眉山市,511181
四川省,南充市,顺庆区,511302
四川省,南充市,高坪区,511303
四川省,南充市,嘉陵区,511304
四川省,南充市,南部县,511321
四川省,南充市,营山县,511322
四川省,南充市,蓬安县,511323
四川省,南充市,仪陇县,511324
四川省,南充市,西充县,511325
四川省,南充市,阆中市,511381
四川省,眉山市,东坡区,511402
四川省,眉山市,仁寿县,511421
四川省,眉山市,彭山区,511422
四川省,眉山市,洪雅县,511423
四川省,眉山市,丹棱县,511424
四川省,眉山市,青神县,511425
四川省,宜宾市,翠屏区,511502
四川省,宜宾市,南溪区,511503
四川省,宜宾市,宜宾县,511521
四川省,宜宾市,江安县,511523
四川省,宜宾市,长宁县,511524
四川省,宜宾市,高县,511525
四川省,宜宾市,珙县,511526
四川省,宜宾市,筠连县,511527
四川省,宜宾市,兴文县,511528
四川省,宜宾市,屏山县,511529
四川省,广安市,广安区,511602
四川省,广安市,岳池县,511621
四川省,广安市,武胜县,511622
四川省,广安市,邻水县,511623
四川省,广安市,华蓥市,511681
四川省,达州市,通川区,511702
四川省,达州市,达川区,511721
四川省,达州市,宣汉县,511722
四川省,达州市,开江县,511723
四川省,达州市,大竹县,511724
四川省,达州市,渠县,511725
四川省,达州市,万源市,511781
四川省,雅安市,雨城区,511802
四川省,雅安市,名山区,511803
四川省,雅安市,荥经县,511822
四川省,雅安市,汉源县,511823
四川省,雅安市,石棉县,511824
四川省,雅安市,天全县,511825
四川省,雅安市,芦山县,511826
四川省,雅安市,宝兴县,511827
四川省,巴中市,巴州区,511902
四川省,巴中市,通江县,511921
四川省,巴中市,南江县,511922
四川省,巴中市,平昌县,511923
四川省,资阳市,雁江区,512002
四川省,资阳市,安岳县,512021
四川省,资阳市,乐至县,512022
四川省,成都市,简阳市,512081
四川省,阿坝藏族羌族自治州,马尔康市,513229
四川省,阿坝藏族羌族自治州,汶川县,513221
四川省,阿坝藏族羌族自治州,理县,513222
四川省,阿坝藏族羌族自治州,茂县,513223
四川省,阿坝藏族羌族自治州,松潘县,513224
四川省,阿坝藏族羌族自治州,九寨沟县,513225
四川省,阿坝藏族羌族自治州,金川县,513226
四川省,阿坝藏族羌族自治州,小金县,513227
四川省,阿坝藏族羌族自治州,黑水县,513228
四川省,阿坝藏族羌族自治州,壤塘县,513230
四川省,阿坝藏族羌族自治州,阿坝县,513231
四川省,阿坝藏族羌族自治州,若尔盖县,513232
四川省,阿坝藏族羌族自治州,红原县,513233
四川省,甘孜藏族自治州,康定市,513301
四川省,甘孜藏族自治州,泸定县,513322
四川省,甘孜藏族自治州,丹巴县,513323
四川省,甘孜藏族自治州,九龙县,513324
四川省,甘孜藏族自治州,雅江县,513325
四川省,甘孜藏族自治州,道孚县,513326
四川省,甘孜藏族自治州,炉霍县,513327
四川省,甘孜藏族自治州,甘孜县,513328
四川省,甘孜藏族自治州,新龙县,513329
四川省,甘孜藏族自治州,德格县,513330
四川省,甘孜藏族自治州,白玉县,513331
四川省,甘孜藏族自治州,石渠县,513332
四川省,甘孜藏族自治州,色达县,513333
四川省,甘孜藏族自治州,理塘县,513334
四川省,甘孜藏族自治州,巴塘县,513335
四川省,甘孜藏族自治州,乡城县,513336
四川省,甘孜藏族自治州,稻城县,513337
四川省,甘孜藏族自治州,得荣县,513338
四川省,凉山彝族自治州,西昌市,513401
四川省,凉山彝族自治州,木里藏族自治县,513422
四川省,凉山彝族自治州,盐源县,513423
四川省,凉山彝族自治州,德昌县,513424
四川省,凉山彝族自治州,会理县,513425
四川省,凉山彝族自治州,会东县,513426
四川省,凉山彝族自治州,宁南县,513427
四川省,凉山彝族自治州,普格县,513428
四川省,凉山彝族自治州,布拖县,513429
四川省,凉山彝族自治州,金阳县,513430
四川省,凉山彝族自治州,昭觉县,513431
四川省,凉山彝族自治州,喜德县,513432
四川省,凉山彝族自治州,冕宁县,513433
四川省,凉山彝族自治州,越西县,513434
四川省,凉山彝族自治州,甘洛县,513435
四川省,凉山彝族自治州,美姑县,513436
四川省,凉山彝族自治州,雷波县,513437
四川省,广安市,前锋区,
天津市,和平区,,120101
天津市,河东区,,120102
天津市,河西区,,120103
天津市,南开区,,120104
天津市,河北区,,120105
天津市,红桥区,,120106
天津市,东丽区,,120110
天津市,西青区,,120111
天津市,津南区,,120112
天津市,北辰区,,120113
天津市,武清区,,120114
天津市,宝坻区,,120115
天津市,滨海新区,,120116
天津市,宁河区,,120221
天津市,蓟州区,,120223
天津市,静海区,,120225
宁夏回族自治区,银川市,兴庆区,640104
宁夏回族自治区,银川市,西夏区,640105
宁夏回族自治区,银川市,金凤区,640106
宁夏回族自治区,银川市,永宁县,640121
宁夏回族自治区,银川市,贺兰县,640122
宁夏回族自治区,银川市,灵武市,640181
宁夏回族自治区,石嘴山市,大武口区,640202
宁夏回族自治区,石嘴山市,惠农区,640205
宁夏回族自治区,石嘴山市,平罗县,640221
宁夏回族自治区,吴忠市,红寺堡区,
宁夏回族自治区,吴忠市,利通区,640302
宁夏回族自治区,吴忠市,盐池县,640323
宁夏回族自治区,吴忠市,同心县,640324
宁夏回族自治区,吴忠市,青铜峡市,640381
宁夏回族自治区,固原市,原州区,640402
宁夏回族自治区,固原市,西吉县,640422
宁夏回族自治区,固原市,隆德县,640423
宁夏回族自治区,固原市,泾源县,640424
宁夏回族自治区,固原市,彭阳县,640425
宁夏回族自治区,中卫市,沙坡头区,640502
宁夏回族自治区,中卫市,中宁县,640521
宁夏回族自治区,中卫市,海原县,640522
安徽省,合肥市,瑶海区,340102
安徽省,合肥市,庐阳区,340103
安徽省,合肥市,蜀山区,340104
安徽省,合肥市,包河区,340111
安徽省,合肥市,长丰县,340121
安徽省,合肥市,肥东县,340122
安徽省,合肥市,肥西县,340123
安徽省,合肥市,庐江县,340124
安徽省,合肥市,巢湖市,340181
安徽省,芜湖市,镜湖区,340202
安徽省,芜湖市,弋江区,340203
安徽省,芜湖市,鸠江区,340207
安徽省,芜湖市,三山区,340208
安徽省,芜湖市,芜湖县,340221
安徽省,芜湖市,繁昌县,340222
安徽省,芜湖市,南陵县,340223
安徽省,芜湖市,无为县,340225
安徽省,蚌埠市,龙子湖区,340302
安徽省,蚌埠市,蚌山区,340303
安徽省,蚌埠市,禹会区,340304
安徽省,蚌埠市,淮上区,340311
安徽省,蚌埠市,怀远县,340321
安徽省,蚌埠市,五河县,340322
安徽省,蚌埠市,固镇县,340323
安徽省,淮南市,大通区,340402
安徽省,淮南市,田家庵区,340403
安徽省,淮南市,谢家集区,340404
安徽省,淮南市,八公山区,340405
安徽省,淮南市,潘集区,340406
安徽省,淮南市,凤台县,340421
安徽省,马鞍山市,花山区,340503
安徽省,马鞍山市,雨山区,340504
安徽省,马鞍山市,博望区,340506
安徽省,马鞍山市,当涂县,340521
安徽省,马鞍山市,含山县,340522
安徽省,马鞍山市,和县,340523
安徽省,淮北市,杜集区,340602
安徽省,淮北市,相山区,340603
安徽省,淮北市,烈山区,340604
安徽省,淮北市,濉溪县,340621
安徽省,铜陵市,铜官山区,340702
安徽省,铜陵市,郊区,340711
安徽省,铜陵市,义安区,340721
安徽省,安庆市,迎江区,340802
安徽省,安庆市,大观区,340803
安徽省,安庆市,宜秀区,340811
安徽省,安庆市,怀宁县,340822
安徽省,铜陵市,枞阳县,340823
安徽省,安庆市,潜山县,340824
安徽省,安庆市,太湖县,340825
安徽省,安庆市,宿松县,340826
安徽省,安庆市,望江县,340827
安徽省,安庆市,岳西县,340828
安徽省,安庆市,桐城市,340881
安徽省,黄山市,屯溪区,341002
安徽省,黄山市,黄山区,341003
安徽省,黄山市,徽州区,341004
安徽省,黄山市,歙县,341021
安徽省,黄山市,休宁县,341022
安徽省,黄山市,黟县,341023
安徽省,黄山市,祁门县,341024
安徽省,滁州市,琅玡区,341102
安徽省,滁州市,南谯区,341103
安徽省,滁州市,来安县,341122
安徽省,滁州市,全椒县,341124
安徽省,滁州市,定远县,341125
安徽省,滁州市,凤阳县,341126
安徽省,滁州市,天长市,341181
安徽省,滁州市,明光市,341182
安徽省,阜阳市,颍州区,341202
安徽省,阜阳市,颍东区,341203
安徽省,阜阳市,颍泉区,341204
安徽省,阜阳市,临泉县,341221
安徽省,阜阳市,太和县,341222
安徽省,阜阳市,阜南县,341225
安徽省,阜阳市,颖上县,341226
安徽省,阜阳市,界首市,341282
安徽省,宿州市,埇桥区,341302
安徽省,宿州市,砀山县,341321
安徽省,宿州市,萧县,341322
安徽省,宿州市,灵璧县,341323
安徽省,宿州市,泗县,341324
安徽省,六安市,金安区,341502
安徽省,六安市,裕安区,341503
安徽省,淮南市,寿县,341521
安徽省,六安市,霍邱县,341522
安徽省,六安市,舒城县,341523
安徽省,六安市,金寨县,341524
安徽省,六安市,霍山县,341525
安徽省,亳州市,谯城区,341602
安徽省,亳州市,涡阳县,341621
安徽省,亳州市,蒙城县,341622
安徽省,亳州市,利辛县,341623
安徽省,池州市,贵池区,341702
安徽省,池州市,东至县,341721
安徽省,池州市,石台县,341722
安徽省,池州市,青阳县,341723
安徽省,宣城市,宣州区,341802
安徽省,宣城市,郎溪县,341821
安徽省,宣城市,广德县,341822
安徽省,宣城市,泾县,341823
安徽省,宣城市,绩溪县,341824
安徽省,宣城市,旌德县,341825
安徽省,宣城市,宁国市,341881
安徽省,六安市,叶集区,
山东省,济南市,历下区,370102
山东省,济南市,市中区,370103
山东省,济南市,槐荫区,370104
山东省,济南市,天桥区,370105
山东省,济南市,历城区,370112
山东省,济南市,长清区,370113
山东省,济南市,平阴县,370124
山东省,济南市,济阳县,370125
山东省,济南市,商河县,370126
山东省,济南市,章丘区,370181
山东省,青岛市,市南区,370202
山东省,青岛市,市北区,370203
山东省,青岛市,黄岛区,370211
山东省,青岛市,崂山区,370212
山东省,青岛市,李沧区,370213
山东省,青岛市,城阳区,370214
山东省,青岛市,胶州市,370281
山东省,青岛市,即墨市,370282
山东省,青岛市,平度市,370283
山东省,青岛市,莱西市,370285
山东省,淄博市,淄川区,370302
山东省,淄博市,张店区,370303
山东省,淄博市,博山区,370304
山东省,淄博市,临淄区,370305
山东省,淄博市,周村区,370306
山东省,淄博市,桓台县,370321
山东省,淄博市,高青县,370322
山东省,淄博市,沂源县,370323
山东省,枣庄市,市中区,370402
山东省,枣庄市,薛城区,370403
山东省,枣庄市,峄城区,370404
山东省,枣庄市,台儿庄区,370405
山东省,枣庄市,山亭区,370406
山东省,枣庄市,滕州市,370481
山东省,东营市,东营区,370502
山东省,东营市,河口区,370503
山东省,东营市,垦利区,370521
山东省,东营市,利津县,370522
山东省,东营市,广饶县,370523
山东省,烟台市,芝罘区,370602
山东省,烟台市,福山区,370611
山东省,烟台市,牟平区,370612
山东省,烟台市,莱山区,370613
山东省,烟台市,长岛县,370634
山东省,烟台市,龙口市,370681
山东省,烟台市,莱阳市,370682
山东省,烟台市,莱州市,370683
山东省,烟台市,蓬莱市,370684
山东省,烟台市,招远市,370685
山东省,烟台市,栖霞市,370686
山东省,烟台市,海阳市,370687
山东省,潍坊市,潍城区,370702
山东省,潍坊市,寒亭区,370703
山东省,潍坊市,坊子区,370704
山东省,潍坊市,奎文区,370705
山东省,潍坊市,临朐县,370724
山东省,潍坊市,昌乐县,370725
山东省,潍坊市,青州市,370781
山东省,潍坊市,诸城市,370782
山东省,潍坊市,寿光市,370783
山东省,潍坊市,安丘市,370784
山东省,潍坊市,高密市,370785
山东省,潍坊市,昌邑市,370786
山东省,济宁市,任城区,370811
山东省,济宁市,微山县,370826
山东省,济宁市,鱼台县,370827
山东省,济宁市,金乡县,370828
山东省,济宁市,嘉祥县,370829
山东省,济宁市,汶上县,370830
山东省,济宁市,泗水县,370831
山东省,济宁市,梁山县,370832
山东省,济宁市,曲阜市,370881
山东省,济宁市,兖州区,370812
山东省,济宁市,邹城市,370883
山东省,泰安市,泰山区,370902
山东省,泰安市,岱岳区,370911
山东省,泰安市,宁阳县,370921
山东省,泰安市,东平县,370923
山东省,泰安市,新泰市,370982
山东省,泰安市,肥城市,370983
山东省,威海市,环翠区,371002
山东省,威海市,文登区,371003
山东省,威海市,荣成市,371082
山东省,威海市,乳山市,371083
山东省,日照市,东港区,371102
山东省,日照市,岚山区,371103
山东省,日照市,五莲县,371121
山东省,日照市,莒县,371122
山东省,莱芜市,莱城区,371202
山东省,莱芜市,钢城区,371203
山东省,临沂市,兰山区,371302
山东省,临沂市,罗庄区,371311
山东省,临沂市,河东区,371312
山东省,临沂市,沂南县,371321
山东省,临沂市,郯城县,371322
山东省,临沂市,沂水县,371323
山东省,临沂市,兰陵县,371324
山东省,临沂市,费县,371325
山东省,临沂市,平邑县,371326
山东省,临沂市,莒南县,371327
山东省,临沂市,蒙阴县,371328
山东省,临沂市,临沭县,371329
山东省,德州市,德城区,371402
山东省,德州市,陵城区,371403
山东省,德州市,宁津县,371422
山东省,德州市,庆云县,371423
山东省,德州市,临邑县,371424
山东省,德州市,齐河县,371425
山东省,德州市,平原县,371426
山东省,德州市,夏津县,371427
山东省,德州市,武城县,371428
山东省,德州市,乐陵市,371481
山东省,德州市,禹城市,371482
山东省,聊城市,东昌府区,371502
山东省,聊城市,阳谷县,371521
山东省,聊城市,莘县,371522
山东省,聊城市,茌平县,371523
山东省,聊城市,东阿县,371524
山东省,聊城市,冠县,371525
山东省,聊城市,高唐县,371526
山东省,聊城市,临清市,371581
山东省,滨州市,滨城区,371602
山东省,滨州市,惠民县,371621
山东省,滨州市,阳信县,371622
山东省,滨州市,无棣县,371623
山东省,滨州市,沾化区,371624
山东省,滨州市,博兴县,371625
山东省,滨州市,邹平县,371626
山东省,菏泽市,牡丹区,371702
山东省,菏泽市,曹县,371721
山东省,菏泽市,单县,371722
山东省,菏泽市,成武县,371723
山东省,菏泽市,巨野县,371724
山东省,菏泽市,郓城县,371725
山东省,菏泽市,鄄城县,371726
山东省,菏泽市,定陶区,371727
山东省,菏泽市,东明县,371728
山西省,太原市,小店区,140105
山西省,太原市,迎泽区,140106
山西省,太原市,杏花岭区,140107
山西省,太原市,尖草坪区,140108
山西省,太原市,万柏林区,140109
山西省,太原市,晋源区,140110
山西省,太原市,清徐县,140121
山西省,太原市,阳曲县,140122
山西省,太原市,娄烦县,140123
山西省,太原市,古交市,140181
山西省,大同市,城区,140202
山西省,大同市,矿区,140203
山西省,大同市,南郊区,140211
山西省,大同市,新荣区,140212
山西省,大同市,阳高县,140221
山西省,大同市,天镇县,140222
山西省,大同市,广灵县,140223
山西省,大同市,灵丘县,140224
山西省,大同市,浑源县,140225
山西省,大同市,左云县,140226
山西省,大同市,大同县,140227
山西省,阳泉市,城区,140302
山西省,阳泉市,矿区,140303
山西省,阳泉市,郊区,140311
山西省,阳泉市,平定县,140321
山西省,阳泉市,盂县,140322
山西省,长治市,城区,140402
山西省,长治市,郊区,140411
山西省,长治市,长治县,140421
山西省,长治市,襄垣县,140423
山西省,长治市,屯留县,140424
山西省,长治市,平顺县,140425
山西省,长治市,黎城县,140426
山西省,长治市,壶关县,140427
山西省,长治市,长子县,140428
山西省,长治市,武乡县,140429
山西省,长治市,沁县,140430
山西省,长治市,沁源县,140431
山西省,长治市,潞城县,140481
山西省,晋城市,城区,140502
山西省,晋城市,沁水县,140521
山西省,晋城市,阳城县,140522
山西省,晋城市,陵川县,140524
山西省,晋城市,泽州县,140525
山西省,晋城市,高平市,140581
山西省,朔州市,朔城区,140602
山西省,朔州市,平鲁区,140603
山西省,朔州市,山阴县,140621
山西省,朔州市,应县,140622
山西省,朔州市,右玉县,140623
山西省,朔州市,怀仁县,140624
山西省,晋中市,榆次区,030600
山西省,晋中市,榆社县,140721
山西省,晋中市,左权县,140722
山西省,晋中市,和顺县,140723
山西省,晋中市,昔阳县,140724
山西省,晋中市,寿阳县,140725
山西省,晋中市,太谷县,140726
山西省,晋中市,祁县,140727
山西省,晋中市,平遥县,140728
山西省,晋中市,灵石县,140729
山西省,晋中市,介休市,140781
山西省,运城市,盐湖区,140802
山西省,运城市,临猗县,140821
山西省,运城市,万荣县,140822
山西省,运城市,闻喜县,140823
山西省,运城市,稷山县,140824
山西省,运城市,新绛县,140825
山西省,运城市,绛县,140826
山西省,运城市,垣曲县,140827
山西省,运城市,夏县,140828
山西省,运城市,平陆县,140829
山西省,运城市,芮城县,140830
山西省,运城市,永济市,140881
山西省,运城市,河津市,140882
山西省,忻州市,忻府区,140902
山西省,忻州市,定襄县,140921
山西省,忻州市,五台县,140922
山西省,忻州市,代县,140923
山西省,忻州市,繁峙县,140924
山西省,忻州市,宁武县,140925
山西省,忻州市,静乐县,140926
山西省,忻州市,神池县,140927
山西省,忻州市,五寨县,140928
山西省,忻州市,岢岚县,140929
山西省,忻州市,河曲县,140930
山西省,忻州市,保德县,140931
山西省,忻州市,偏关县,140932
山西省,忻州市,原平市,140981
山西省,临汾市,尧都区,141002
山西省,临汾市,曲沃县,141021
山西省,临汾市,翼城县,141022
山西省,临汾市,襄汾县,141023
山西省,临汾市,洪洞县,141024
山西省,临汾市,古县,141025
山西省,临汾市,安泽县,141026
山西省,临汾市,浮山县,141027
山西省,临汾市,吉县,141028
山西省,临汾市,乡宁县,141029
山西省,临汾市,大宁县,141030
山西省,临汾市,隰县,141031
山西省,临汾市,永和县,141032
山西省,临汾市,蒲县,141033
山西省,临汾市,汾西县,141034
山西省,临汾市,侯马市,141081
山西省,临汾市,霍州市,141082
山西省,吕梁市,离石区,141102
山西省,吕梁市,文水县,141121
山西省,吕梁市,交城县,141122
山西省,吕梁市,兴县,141123
山西省,吕梁市,临县,141124
山西省,吕梁市,柳林县,141125
山西省,吕梁市,石楼县,141126
山西省,吕梁市,岚县,141127
山西省,吕梁市,方山县,141128
山西省,吕梁市,中阳县,141129
山西省,吕梁市,交口县,141130
山西省,吕梁市,孝义市,141181
山西省,吕梁市,汾阳市,141182
广东省,广州市,荔湾区,440103
广东省,广州市,越秀区,440104
广东省,广州市,海珠区,440105
广东省,广州市,天河区,440106
广东省,广州市,白云区,440111
广东省,广州市,黄埔区,440112
广东省,广州市,番禺区,440113
广东省,广州市,花都区,440114
广东省,广州市,南沙区,440115
广东省,广州市,增城区,440118
广东省,广州市,从化区,440117
广东省,韶关市,武江区,440203
广东省,韶关市,浈江区,440204
广东省,韶关市,曲江区,440205
广东省,韶关市,始兴县,440222
广东省,韶关市,仁化县,440224
广东省,韶关市,翁源县,440229
广东省,韶关市,乳源瑶族自治县,440232
广东省,韶关市,新丰县,440233
广东省,韶关市,乐昌市,440281
广东省,韶关市,南雄市,440282
广东省,深圳市,罗湖区,440303
广东省,深圳市,福田区,440304
广东省,深圳市,南山区,440305
广东省,深圳市,宝安区,440306
广东省,深圳市,龙岗区,440307
广东省,深圳市,盐田区,440308
广东省,珠海市,香洲区,440402
广东省,珠海市,斗门区,440403
广东省,珠海市,金湾区,440404
广东省,汕头市,龙湖区,440507
广东省,汕头市,金平区,440511
广东省,汕头市,濠江区,440512
广东省,汕头市,潮阳区,440513
广东省,汕头市,潮南区,440514
广东省,汕头市,澄海区,440515
广东省,汕头市,南澳县,440523
广东省,佛山市,禅城区,440604
广东省,佛山市,南海区,440605
广东省,佛山市,顺德区,440606
广东省,佛山市,三水区,440607
广东省,佛山市,高明区,440608
广东省,江门市,蓬江区,440703
广东省,江门市,江海区,440704
广东省,江门市,新会区,440705
广东省,江门市,台山市,440781
广东省,江门市,开平市,440783
广东省,江门市,鹤山市,440784
广东省,江门市,恩平市,440785
广东省,湛江市,赤坎区,440802
广东省,湛江市,霞山区,440803
广东省,湛江市,坡头区,440804
广东省,湛江市,麻章区,440811
广东省,湛江市,遂溪县,440823
广东省,湛江市,徐闻县,440825
广东省,湛江市,廉江市,440881
广东省,湛江市,雷州市,440882
广东省,湛江市,吴川市,440883
广东省,茂名市,茂南区,440902
广东省,茂名市,电白区,440904
广东省,茂名市,高州市,440981
广东省,茂名市,化州市,440982
广东省,茂名市,信宜市,440983
广东省,肇庆市,端州区,441202
广东省,肇庆市,鼎湖区,441203
广东省,肇庆市,广宁县,441223
广东省,肇庆市,怀集县,441224
广东省,肇庆市,封开县,441225
广东省,肇庆市,德庆县,441226
广东省,肇庆市,高要区,441283
广东省,肇庆市,四会市,441284
广东省,惠州市,惠城区,441302
广东省,惠州市,惠阳区,441303
广东省,惠州市,博罗县,441322
广东省,惠州市,惠东县,441323
广东省,惠州市,龙门县,441324
广东省,梅州市,梅江区,441402
广东省,梅州市,梅县区,441403
广东省,梅州市,大埔县,441422
广东省,梅州市,丰顺县,441423
广东省,梅州市,五华县,441424
广东省,梅州市,平远县,441426
广东省,梅州市,蕉岭县,441427
广东省,梅州市,兴宁市,441481
广东省,汕尾市,城区区,441502
广东省,汕尾市,海丰县,441521
广东省,汕尾市,陆河县,441523
广东省,汕尾市,陆丰市,441581
广东省,河源市,源城区,441602
广东省,河源市,紫金县,441621
广东省,河源市,龙川县,441622
广东省,河源市,连平县,441623
广东省,河源市,和平县,441624
广东省,河源市,东源县,441625
广东省,阳江市,江城区,441702
广东省,阳江市,阳西县,441721
广东省,阳江市,阳东区,441723
广东省,阳江市,阳春市,441781
广东省,清远市,清城区,441802
广东省,清远市,佛冈县,441821
广东省,清远市,阳山县,441823
广东省,清远市,连山壮族瑶族自治县,441825
广东省,清远市,连南瑶族自治县,441826
广东省,清远市,清新县,441827
广东省,清远市,英德市,441881
广东省,清远市,连州市,441882
广东省,潮州市,湘桥区,445102
广东省,潮州市,潮安区,445121
广东省,潮州市,饶平县,445122
广东省,揭阳市,榕城区,445202
广东省,揭阳市,揭东县,445221
广东省,揭阳市,揭西县,445222
广东省,揭阳市,惠来县,445224
广东省,揭阳市,普宁市,445281
广东省,云浮市,云城区,445302
广东省,云浮市,新兴县,445321
广东省,云浮市,郁南县,445322
广东省,云浮市,云安区,445302
广东省,云浮市,罗定市,445381
广东省,深圳市,龙华区,
广东省,深圳市,坪山区,
广西壮族自治区,南宁市,兴宁区,450102
广西壮族自治区,南宁市,青秀区,450103
广西壮族自治区,南宁市,江南区,450105
广西壮族自治区,南宁市,西乡塘区,450107
广西壮族自治区,南宁市,良庆区,450108
广西壮族自治区,南宁市,邕宁区,450109
广西壮族自治区,南宁市,武鸣区,450122
广西壮族自治区,南宁市,隆安县,450123
广西壮族自治区,南宁市,马山县,450124
广西壮族自治区,南宁市,上林县,450125
广西壮族自治区,南宁市,宾阳县,450126
广西壮族自治区,南宁市,横县,450127
广西壮族自治区,柳州市,城中区,450202
广西壮族自治区,柳州市,鱼峰区,450203
广西壮族自治区,柳州市,柳南区,450204
广西壮族自治区,柳州市,柳北区,450205
广西壮族自治区,柳州市,柳江区,450221
广西壮族自治区,柳州市,柳城县,450222
广西壮族自治区,柳州市,鹿寨县,450223
广西壮族自治区,柳州市,融安县,450224
广西壮族自治区,柳州市,融水苗族自治县,450225
广西壮族自治区,柳州市,三江侗族自治县,450226
广西壮族自治区,桂林市,秀峰区,450302
广西壮族自治区,桂林市,叠彩区,450303
广西壮族自治区,桂林市,象山区,450304
广西壮族自治区,桂林市,七星区,450305
广西壮族自治区,桂林市,雁山区,450311
广西壮族自治区,桂林市,阳朔县,450321
广西壮族自治区,桂林市,临桂区,450322
广西壮族自治区,桂林市,灵川县,450323
广西壮族自治区,桂林市,全州县,450324
广西壮族自治区,桂林市,兴安县,450325
广西壮族自治区,桂林市,永福县,450326
广西壮族自治区,桂林市,灌阳县,450327
广西壮族自治区,桂林市,龙胜各族自治县,450328
广西壮族自治区,桂林市,资源县,450329
广西壮族自治区,桂林市,平乐县,450330
广西壮族自治区,桂林市,荔浦县,450331
广西壮族自治区,桂林市,恭城瑶族自治县,450332
广西壮族自治区,梧州市,龙圩区,
广西壮族自治区,梧州市,万秀区,450403
广西壮族自治区,梧州市,长洲区,450405
广西壮族自治区,梧州市,苍梧县,450421
广西壮族自治区,梧州市,藤县,450422
广西壮族自治区,梧州市,蒙山县,450423
广西壮族自治区,梧州市,岑溪市,450481
广西壮族自治区,北海市,海城区,450502
广西壮族自治区,北海市,银海区,450503
广西壮族自治区,北海市,铁山港区,450512
广西壮族自治区,北海市,合浦县,450521
广西壮族自治区,防城港市,港口区,450602
广西壮族自治区,防城港市,防城区,450603
广西壮族自治区,防城港市,上思县,450621
广西壮族自治区,防城港市,东兴市,450681
广西壮族自治区,钦州市,钦南区,450702
广西壮族自治区,钦州市,钦北区,450703
广西壮族自治区,钦州市,灵山县,450721
广西壮族自治区,钦州市,浦北县,450722
广西壮族自治区,贵港市,港北区,450802
广西壮族自治区,贵港市,港南区,450803
广西壮族自治区,贵港市,覃塘区,450804
广西壮族自治区,贵港市,桂平市,450821
广西壮族自治区,贵港市,平南县,450881
广西壮族自治区,玉林市,玉州区,450902
广西壮族自治区,玉林市,容县,450921
广西壮族自治区,玉林市,陆川县,450922
广西壮族自治区,玉林市,博白县,450923
广西壮族自治区,玉林市,兴业县,450924
广西壮族自治区,玉林市,北流市,450981
广西壮族自治区,百色市,右江区,451002
广西壮族自治区,百色市,田阳县,451021
广西壮族自治区,百色市,田东县,451022
广西壮族自治区,百色市,平果县,451023
广西壮族自治区,百色市,德保县,451024
广西壮族自治区,百色市,靖西市,451025
广西壮族自治区,百色市,那坡县,451026
广西壮族自治区,百色市,凌云县,451027
广西壮族自治区,百色市,乐业县,451028
广西壮族自治区,百色市,田林县,451029
广西壮族自治区,百色市,西林县,451030
广西壮族自治区,百色市,隆林各族自治县,451031
广西壮族自治区,贺州市,八步区,451102
广西壮族自治区,贺州市,昭平县,451121
广西壮族自治区,贺州市,钟山县,451122
广西壮族自治区,贺州市,富川瑶族自治县,451123
广西壮族自治区,河池市,金城江区,451202
广西壮族自治区,河池市,南丹县,451221
广西壮族自治区,河池市,天峨县,451222
广西壮族自治区,河池市,凤山县,451223
广西壮族自治区,河池市,东兰县,451224
广西壮族自治区,河池市,罗城仫佬族自治县,451225
广西壮族自治区,河池市,环江毛南族自治县,451226
广西壮族自治区,河池市,巴马瑶族自治县,451227
广西壮族自治区,河池市,都安瑶族自治县,451228
广西壮族自治区,河池市,大化瑶族自治县,451229
广西壮族自治区,河池市,宜州区,451281
广西壮族自治区,来宾市,兴宾区,451302
广西壮族自治区,来宾市,忻城县,451321
广西壮族自治区,来宾市,象州县,451322
广西壮族自治区,来宾市,武宣县,451323
广西壮族自治区,来宾市,金秀瑶族自治县,451324
广西壮族自治区,来宾市,合山市,451381
广西壮族自治区,崇左市,江州区,451402
广西壮族自治区,崇左市,扶绥县,451421
广西壮族自治区,崇左市,宁明县,451422
广西壮族自治区,崇左市,龙州县,451423
广西壮族自治区,崇左市,大新县,451424
广西壮族自治区,崇左市,天等县,451425
广西壮族自治区,崇左市,凭祥市,451481
广西壮族自治区,玉林市,福绵区,450903
广西壮族自治区,贺州市,平桂区,
新疆维吾尔自治区,乌鲁木齐市,天山区,650102
新疆维吾尔自治区,乌鲁木齐市,沙依巴克区,650103
新疆维吾尔自治区,乌鲁木齐市,新市区,650104
新疆维吾尔自治区,乌鲁木齐市,水磨沟区,650105
新疆维吾尔自治区,乌鲁木齐市,头屯河区,650106
新疆维吾尔自治区,乌鲁木齐市,达坂城区,650107
新疆维吾尔自治区,乌鲁木齐市,米东区,650109
新疆维吾尔自治区,乌鲁木齐市,乌鲁木齐县,650121
新疆维吾尔自治区,克拉玛依市,独山子区,650202
新疆维吾尔自治区,克拉玛依市,克拉玛依区,650203
新疆维吾尔自治区,克拉玛依市,白碱滩区,650204
新疆维吾尔自治区,克拉玛依市,乌尔禾区,650205
新疆维吾尔自治区,吐鲁番市,高昌区,652101
新疆维吾尔自治区,吐鲁番市,鄯善县,652122
新疆维吾尔自治区,吐鲁番市,托克逊县,652123
新疆维吾尔自治区,哈密市,伊州区,652201
新疆维吾尔自治区,哈密市,巴里坤哈萨克自治县,652222
新疆维吾尔自治区,哈密市,伊吾县,652223
新疆维吾尔自治区,昌吉自治州,昌吉市,652301
新疆维吾尔自治区,昌吉自治州,阜康市,652302
新疆维吾尔自治区,昌吉自治州,呼图壁县,652323
新疆维吾尔自治区,昌吉自治州,玛纳斯县,652324
新疆维吾尔自治区,昌吉自治州,奇台县,652325
新疆维吾尔自治区,昌吉自治州,吉木萨尔县,652327
新疆维吾尔自治区,昌吉自治州,木垒哈萨克自治县,652328
新疆维吾尔自治区,博尔塔拉蒙古自治州,阿拉山口市,
新疆维吾尔自治区,博尔塔拉蒙古自治州,博乐市,652701
新疆维吾尔自治区,博尔塔拉蒙古自治州,精河县,652722
新疆维吾尔自治区,博尔塔拉蒙古自治州,温泉县,652723
新疆维吾尔自治区,巴音郭楞蒙古自治州,库尔勒市,652801
新疆维吾尔自治区,巴音郭楞蒙古自治州,轮台县,652822
新疆维吾尔自治区,巴音郭楞蒙古自治州,尉犁县,652823
新疆维吾尔自治区,巴音郭楞蒙古自治州,若羌县,652824
新疆维吾尔自治区,巴音郭楞蒙古自治州,且末县,652825
新疆维吾尔自治区,巴音郭楞蒙古自治州,焉耆回族自治县,652826
新疆维吾尔自治区,巴音郭楞蒙古自治州,和静县,652827
新疆维吾尔自治区,巴音郭楞蒙古自治州,和硕县,652828
新疆维吾尔自治区,巴音郭楞蒙古自治州,博湖县,652829
新疆维吾尔自治区,阿克苏柯尔克孜地区,阿克苏市,652901
新疆维吾尔自治区,阿克苏柯尔克孜地区,温宿县,652922
新疆维吾尔自治区,阿克苏柯尔克孜地区,库车县,652923
新疆维吾尔自治区,阿克苏柯尔克孜地区,沙雅县,652924
新疆维吾尔自治区,阿克苏柯尔克孜地区,新和县,652925
新疆维吾尔自治区,阿克苏柯尔克孜地区,拜城县,652926
新疆维吾尔自治区,阿克苏柯尔克孜地区,乌什县,652927
新疆维吾尔自治区,阿克苏柯尔克孜地区,阿瓦提县,652928
新疆维吾尔自治区,阿克苏柯尔克孜地区,柯坪县,652929
新疆维吾尔自治区,克孜勒苏自治州,阿图什市,653001
新疆维吾尔自治区,克孜勒苏自治州,阿克陶县,653022
新疆维吾尔自治区,克孜勒苏自治州,阿合奇县,653023
新疆维吾尔自治区,克孜勒苏自治州,乌恰县,653024
新疆维吾尔自治区,喀什地区,喀什市,653101
新疆维吾尔自治区,喀什地区,疏附县,653121
新疆维吾尔自治区,喀什地区,疏勒县,653122
新疆维吾尔自治区,喀什地区,英吉沙县,653123
新疆维吾尔自治区,喀什地区,泽普县,653124
新疆维吾尔自治区,喀什地区,莎车县,653125
新疆维吾尔自治区,喀什地区,叶城县,653126
新疆维吾尔自治区,喀什地区,麦盖提县,653127
新疆维吾尔自治区,喀什地区,岳普湖县,653128
新疆维吾尔自治区,喀什地区,伽师县,653129
新疆维吾尔自治区,喀什地区,巴楚县,653130
新疆维吾尔自治区,喀什地区,塔什库尔干塔吉克自治县,653131
新疆维吾尔自治区,和田哈萨克地区,和田市,653201
新疆维吾尔自治区,和田哈萨克地区,和田县,653221
新疆维吾尔自治区,和田哈萨克地区,墨玉县,653222
新疆维吾尔自治区,和田哈萨克地区,皮山县,653223
新疆维吾尔自治区,和田哈萨克地区,洛浦县,653224
新疆维吾尔自治区,和田哈萨克地区,策勒县,653225
新疆维吾尔自治区,和田哈萨克地区,于田县,653226
新疆维吾尔自治区,和田哈萨克地区,民丰县,653227
新疆维吾尔自治区,伊犁自治州,伊宁市,654002
新疆维吾尔自治区,伊犁自治州,奎屯市,654003
新疆维吾尔自治区,伊犁自治州,伊宁县,654021
新疆维吾尔自治区,伊犁自治州,察布查尔锡伯自治县,654022
新疆维吾尔自治区,伊犁自治州,霍城县,654023
新疆维吾尔自治区,伊犁自治州,巩留县,654024
新疆维吾尔自治区,伊犁自治州,新源县,654025
新疆维吾尔自治区,伊犁自治州,昭苏县,654026
新疆维吾尔自治区,伊犁自治州,特克斯县,654027
新疆维吾尔自治区,伊犁自治州,尼勒克县,654028
新疆维吾尔自治区,塔城地区,塔城市,654201
新疆维吾尔自治区,塔城地区,乌苏市,654202
新疆维吾尔自治区,塔城地区,额敏县,654221
新疆维吾尔自治区,塔城地区,沙湾县,654223
新疆维吾尔自治区,塔城地区,托里县,654224
新疆维吾尔自治区,塔城地区,裕民县,654225
新疆维吾尔自治区,塔城地区,和布克赛尔蒙古自治县,654226
新疆维吾尔自治区,阿勒泰地区,阿勒泰市,654301
新疆维吾尔自治区,阿勒泰地区,布尔津县,654321
新疆维吾尔自治区,阿勒泰地区,富蕴县,654322
新疆维吾尔自治区,阿勒泰地区,福海县,654323
新疆维吾尔自治区,阿勒泰地区,哈巴河县,654324
新疆维吾尔自治区,阿勒泰地区,青河县,654325
新疆维吾尔自治区,阿勒泰地区,吉木乃县,654326
新疆维吾尔自治区,伊犁自治州,霍尔果斯市,654004
江苏省,南京市,玄武区,320102
江苏省,南京市,秦淮区,320104
江苏省,南京市,建邺区,320105
江苏省,南京市,鼓楼区,320106
江苏省,南京市,浦口区,320111
江苏省,南京市,栖霞区,320113
江苏省,南京市,雨花台区,320114
江苏省,南京市,江宁区,320115
江苏省,南京市,六合区,320116
江苏省,南京市,溧水区,320124
江苏省,南京市,高淳区,320125
江苏省,无锡市,梁溪区,320202
江苏省,无锡市,新吴区,
江苏省,无锡市,锡山区,320205
江苏省,无锡市,惠山区,320206
江苏省,无锡市,滨湖区,320211
江苏省,无锡市,江阴市,320281
江苏省,无锡市,宜兴市,320282
江苏省,徐州市,鼓楼区,320302
江苏省,徐州市,云龙区,320303
江苏省,徐州市,贾汪区,320305
江苏省,徐州市,泉山区,320311
江苏省,徐州市,铜山区,320312
江苏省,徐州市,丰县,320321
江苏省,徐州市,沛县,320322
江苏省,徐州市,睢宁县,320324
江苏省,徐州市,新沂市,320381
江苏省,徐州市,邳州市,320382
江苏省,常州市,天宁区,320402
江苏省,常州市,钟楼区,320404
江苏省,常州市,新北区,320411
江苏省,常州市,武进区,320412
江苏省,常州市,溧阳市,320481
江苏省,常州市,金坛区,320482
江苏省,苏州市,虎丘区,320505
江苏省,苏州市,吴中区,320506
江苏省,苏州市,相城区,320507
江苏省,苏州市,姑苏区,320508
江苏省,苏州市,吴江市,320509
江苏省,苏州市,常熟市,320581
江苏省,苏州市,张家港市,320582
江苏省,苏州市,昆山市,320583
江苏省,苏州市,太仓市,320585
江苏省,南通市,崇川区,320602
江苏省,南通市,港闸区,320611
江苏省,南通市,通州区,320612
江苏省,南通市,海安县,320621
江苏省,南通市,如东县,320623
江苏省,南通市,启东市,320681
江苏省,南通市,如皋市,320682
江苏省,南通市,海门市,320684
江苏省,连云港市,连云区,320703
江苏省,连云港市,海州区,320706
江苏省,连云港市,赣榆区,320721
江苏省,连云港市,东海县,320722
江苏省,连云港市,灌云县,320723
江苏省,连云港市,灌南县,320724
江苏省,淮安市,清河区,320802
江苏省,淮安市,淮安区,320803
江苏省,淮安市,淮阴区,320804
江苏省,淮安市,清浦区,320811
江苏省,淮安市,涟水县,320826
江苏省,淮安市,洪泽县,320829
江苏省,淮安市,盱眙县,320830
江苏省,淮安市,金湖县,320831
江苏省,盐城市,亭湖区,320902
江苏省,盐城市,盐都区,320903
江苏省,盐城市,响水县,320921
江苏省,盐城市,滨海县,320922
江苏省,盐城市,阜宁县,320923
江苏省,盐城市,射阳县,320924
江苏省,盐城市,建湖县,320925
江苏省,盐城市,东台市,320981
江苏省,盐城市,大丰区,320982
江苏省,扬州市,广陵区,321002
江苏省,扬州市,邗江区,321003
江苏省,扬州市,江都区,321012
江苏省,扬州市,宝应县,321023
江苏省,扬州市,仪征市,321081
江苏省,扬州市,高邮市,321084
江苏省,镇江市,京口区,321102
江苏省,镇江市,润州区,321111
江苏省,镇江市,丹徒区,321112
江苏省,镇江市,丹阳市,321181
江苏省,镇江市,扬中市,321182
江苏省,镇江市,句容市,321183
江苏省,泰州市,海陵区,321202
江苏省,泰州市,高港区,321203
江苏省,泰州市,兴化市,321281
江苏省,泰州市,靖江市,321282
江苏省,泰州市,泰兴市,321283
江苏省,泰州市,姜堰区,321284
江苏省,宿迁市,宿城区,321302
江苏省,宿迁市,宿豫区,321311
江苏省,宿迁市,沭阳县,321322
江苏省,宿迁市,泗阳县,321323
江苏省,宿迁市,泗洪县,321324
江西省,南昌市,东湖区,360102
江西省,南昌市,西湖区,360103
江西省,南昌市,青云谱区,360104
江西省,南昌市,湾里区,360105
江西省,南昌市,青山湖区,360111
江西省,南昌市,南昌县,360121
江西省,南昌市,新建区,360122
江西省,南昌市,安义县,360123
江西省,南昌市,进贤县,360124
江西省,景德镇市,昌江区,360202
江西省,景德镇市,珠山区,360203
江西省,景德镇市,浮梁县,360222
江西省,景德镇市,乐平市,360281
江西省,萍乡市,安源区,360302
江西省,萍乡市,湘东区,360313
江西省,萍乡市,莲花县,360321
江西省,萍乡市,上栗县,360322
江西省,萍乡市,芦溪县,360323
江西省,九江市,濂溪区,360402
江西省,九江市,浔阳区,360403
江西省,九江市,九江县,360421
江西省,九江市,武宁县,360423
江西省,九江市,修水县,360424
江西省,九江市,永修县,360425
江西省,九江市,德安县,360426
江西省,九江市,庐山市,360427
江西省,九江市,都昌县,360428
江西省,九江市,湖口县,360429
江西省,九江市,彭泽县,360430
江西省,九江市,瑞昌市,360481
江西省,九江市,共青城市,360482
江西省,新余市,渝水区,360502
江西省,新余市,分宜县,360521
江西省,鹰潭市,月湖区,360602
江西省,鹰潭市,余江县,360622
江西省,鹰潭市,贵溪市,360681
江西省,赣州市,章贡区,360702
江西省,赣州市,赣县区,360721
江西省,赣州市,信丰县,360722
江西省,赣州市,大余县,360723
江西省,赣州市,上犹县,360724
江西省,赣州市,崇义县,360725
江西省,赣州市,安远县,360726
江西省,赣州市,龙南县,360727
江西省,赣州市,定南县,360728
江西省,赣州市,全南县,360729
江西省,赣州市,宁都县,360730
江西省,赣州市,于都县,360731
江西省,赣州市,兴国县,360732
江西省,赣州市,会昌县,360733
江西省,赣州市,寻乌县,360734
江西省,赣州市,石城县,360735
江西省,赣州市,瑞金市,360781
江西省,赣州市,南康区,360782
江西省,吉安市,吉州区,360802
江西省,吉安市,青原区,360803
江西省,吉安市,吉安县,360821
江西省,吉安市,吉水县,360822
江西省,吉安市,峡江县,360823
江西省,吉安市,新干县,360824
江西省,吉安市,永丰县,360825
江西省,吉安市,泰和县,360826
江西省,吉安市,遂川县,360827
江西省,吉安市,万安县,360828
江西省,吉安市,安福县,360829
江西省,吉安市,永新县,360830
江西省,吉安市,井冈山市,360881
江西省,宜春市,袁州区,360902
江西省,宜春市,奉新县,360921
江西省,宜春市,万载县,360922
江西省,宜春市,上高县,360923
江西省,宜春市,宜丰县,360924
江西省,宜春市,靖安县,360925
江西省,宜春市,铜鼓县,360926
江西省,宜春市,丰城市,360981
江西省,宜春市,樟树市,360982
江西省,宜春市,高安市,360983
江西省,抚州市,临川区,361002
江西省,抚州市,南城县,361021
江西省,抚州市,黎川县,361022
江西省,抚州市,南丰县,361023
江西省,抚州市,崇仁县,361024
江西省,抚州市,乐安县,361025
江西省,抚州市,宜黄县,361026
江西省,抚州市,金溪县,361027
江西省,抚州市,资溪县,361028
江西省,抚州市,东乡县,361029
江西省,抚州市,广昌县,361030
江西省,上饶市,信州区,361102
江西省,上饶市,上饶县,361121
江西省,上饶市,广丰区,361122
江西省,上饶市,玉山县,361123
江西省,上饶市,铅山县,361124
江西省,上饶市,横峰县,361125
江西省,上饶市,弋阳县,361126
江西省,上饶市,余干县,361127
江西省,上饶市,鄱阳县,361128
江西省,上饶市,万年县,361129
江西省,上饶市,婺源县,361130
江西省,上饶市,德兴市,361181
河北省,石家庄市,长安区,130102
河北省,石家庄市,桥西区,130104
河北省,石家庄市,新华区,130105
河北省,石家庄市,井陉矿区,130107
河北省,石家庄市,裕华区,130108
河北省,石家庄市,井陉县,130121
河北省,石家庄市,正定县,130123
河北省,石家庄市,栾城区,130111
河北省,石家庄市,行唐县,130125
河北省,石家庄市,灵寿县,130126
河北省,石家庄市,高邑县,130127
河北省,石家庄市,深泽县,130128
河北省,石家庄市,赞皇县,130129
河北省,石家庄市,无极县,130130
河北省,石家庄市,平山县,130131
河北省,石家庄市,元氏县,130132
河北省,石家庄市,赵县,130133
河北省,石家庄市,辛集市,130181
河北省,石家庄市,藁城区,130109
河北省,石家庄市,晋州市,130183
河北省,石家庄市,新乐市,130184
河北省,石家庄市,鹿泉区,130110
河北省,唐山市,路南区,130202
河北省,唐山市,路北区,130203
河北省,唐山市,古冶区,130204
河北省,唐山市,开平区,130205
河北省,唐山市,丰南区,130207
河北省,唐山市,丰润区,130208
河北省,唐山市,滦县,130223
河北省,唐山市,滦南县,130224
河北省,唐山市,乐亭县,130225
河北省,唐山市,迁西县,130227
河北省,唐山市,玉田县,130229
河北省,唐山市,唐海县,130230
河北省,唐山市,遵化市,130281
河北省,唐山市,迁安市,130283
河北省,秦皇岛市,海港区,130302
河北省,秦皇岛市,山海关区,130303
河北省,秦皇岛市,北戴河区,130304
河北省,秦皇岛市,青龙满族自治县,130321
河北省,秦皇岛市,昌黎县,130322
河北省,秦皇岛市,抚宁区,130323
河北省,秦皇岛市,卢龙县,130324
河北省,邯郸市,邯山区,130402
河北省,邯郸市,丛台区,130403
河北省,邯郸市,复兴区,130404
河北省,邯郸市,峰峰矿区,130406
河北省,邯郸市,临漳县,130423
河北省,邯郸市,成安县,130424
河北省,邯郸市,大名县,130425
河北省,邯郸市,涉县,130426
河北省,邯郸市,磁县,130427
河北省,邯郸市,肥乡区,130428
河北省,邯郸市,永年区,130429
河北省,邯郸市,邱县,130430
河北省,邯郸市,鸡泽县,130431
河北省,邯郸市,广平县,130432
河北省,邯郸市,馆陶县,130433
河北省,邯郸市,魏县,130434
河北省,邯郸市,曲周县,130435
河北省,邯郸市,武安市,130481
河北省,邢台市,桥东区,130502
河北省,邢台市,桥西区,130503
河北省,邢台市,邢台县,130521
河北省,邢台市,临城县,130522
河北省,邢台市,内丘县,130523
河北省,邢台市,柏乡县,130524
河北省,邢台市,隆尧县,130525
河北省,邢台市,任县,130526
河北省,邢台市,南和县,130527
河北省,邢台市,宁晋县,130528
河北省,邢台市,巨鹿县,130529
河北省,邢台市,新河县,130530
河北省,邢台市,广宗县,130531
河北省,邢台市,平乡县,130532
河北省,邢台市,威县,130533
河北省,邢台市,清河县,130534
河北省,邢台市,临西县,130535
河北省,邢台市,南宫市,130581
河北省,邢台市,沙河市,130582
河北省,保定市,竞秀区,130602
河北省,保定市,莲池区,130603
河北省,保定市,满城区,130621
河北省,保定市,清苑区,130622
河北省,保定市,涞水县,130623
河北省,保定市,阜平县,130624
河北省,保定市,徐水区,130625
河北省,保定市,定兴县,130626
河北省,保定市,唐县,130627
河北省,保定市,高阳县,130628
河北省,保定市,容城县,130629
河北省,保定市,涞源县,130630
河北省,保定市,望都县,130631
河北省,保定市,安新县,130632
河北省,保定市,易县,130633
河北省,保定市,曲阳县,130634
河北省,保定市,蠡县,130635
河北省,保定市,顺平县,130636
河北省,保定市,博野县,130637
河北省,保定市,雄县,130638
河北省,保定市,涿州市,130681
河北省,保定市,定州市,130682
河北省,保定市,安国市,130683
河北省,保定市,高碑店市,130684
河北省,张家口市,桥东区,130702
河北省,张家口市,桥西区,130703
河北省,张家口市,宣化区,130705
河北省,张家口市,下花园区,130706
河北省,张家口市,张北县,130722
河北省,张家口市,康保县,130723
河北省,张家口市,沽源县,130724
河北省,张家口市,尚义县,130725
河北省,张家口市,蔚县,130726
河北省,张家口市,阳原县,130727
河北省,张家口市,怀安县,130728
河北省,张家口市,万全县,130729
河北省,张家口市,怀来县,130730
河北省,张家口市,涿鹿县,130731
河北省,张家口市,赤城县,130732
河北省,张家口市,崇礼县,130733
河北省,承德市,双桥区,130802
河北省,承德市,双滦区,130803
河北省,承德市,鹰手营子矿区,130804
河北省,承德市,承德县,130821
河北省,承德市,兴隆县,130822
河北省,承德市,平泉县,130823
河北省,承德市,滦平县,130824
河北省,承德市,隆化县,130825
河北省,承德市,丰宁满族自治县,130826
河北省,承德市,宽城满族自治县,130827
河北省,承德市,围场满族蒙古族自治县,130828
河北省,沧州市,新华区,130902
河北省,沧州市,运河区,130903
河北省,沧州市,沧县,130921
河北省,沧州市,青县,130922
河北省,沧州市,东光县,130923
河北省,沧州市,海兴县,130924
河北省,沧州市,盐山县,130925
河北省,沧州市,肃宁县,130926
河北省,沧州市,南皮县,130927
河北省,沧州市,吴桥县,130928
河北省,沧州市,献县,130929
河北省,沧州市,孟村回族自治县,130930
河北省,沧州市,泊头市,130981
河北省,沧州市,任丘市,130982
河北省,沧州市,黄骅市,130983
河北省,沧州市,河间市,130984
河北省,廊坊市,安次区,131002
河北省,廊坊市,广阳区,131003
河北省,廊坊市,固安县,131022
河北省,廊坊市,永清县,131023
河北省,廊坊市,香河县,131024
河北省,廊坊市,大城县,131025
河北省,廊坊市,文安县,131026
河北省,廊坊市,大厂回族自治县,131028
河北省,廊坊市,霸州市,131081
河北省,廊坊市,三河市,131082
河北省,衡水市,桃城区,131102
河北省,衡水市,枣强县,131121
河北省,衡水市,武邑县,131122
河北省,衡水市,武强县,131123
河北省,衡水市,饶阳县,131124
河北省,衡水市,安平县,131125
河北省,衡水市,故城县,131126
河北省,衡水市,景县,131127
河北省,衡水市,阜城县,131128
河北省,衡水市,冀州区,131181
河北省,衡水市,深州市,131182
河南省,郑州市,中原区,410102
河南省,郑州市,二七区,410103
河南省,郑州市,管城回族区,410104
河南省,郑州市,金水区,410105
河南省,郑州市,上街区,410106
河南省,郑州市,惠济区,410108
河南省,郑州市,中牟县,410122
河南省,郑州市,巩义市,410181
河南省,郑州市,荥阳市,410182
河南省,郑州市,新密市,410183
河南省,郑州市,新郑市,410184
河南省,郑州市,登封市,410185
河南省,开封市,龙亭区,410202
河南省,开封市,顺河回族区,410203
河南省,开封市,鼓楼区,410204
河南省,开封市,禹王台区,410205
河南省,开封市,杞县,410221
河南省,开封市,通许县,410222
河南省,开封市,尉氏县,410223
河南省,开封市,祥符区,410212
河南省,开封市,兰考县,410225
河南省,洛阳市,老城区,410302
河南省,洛阳市,西工区,410303
河南省,洛阳市,瀍河回族区,410304
河南省,洛阳市,涧西区,410305
河南省,洛阳市,吉利区,410306
河南省,洛阳市,洛龙区,410311
河南省,洛阳市,孟津县,410322
河南省,洛阳市,新安县,410323
河南省,洛阳市,栾川县,410324
河南省,洛阳市,嵩县,410325
河南省,洛阳市,汝阳县,410326
河南省,洛阳市,宜阳县,410327
河南省,洛阳市,洛宁县,410328
河南省,洛阳市,伊川县,410329
河南省,洛阳市,偃师市,410381
河南省,平顶山市,新华区,410402
河南省,平顶山市,卫东区,410403
河南省,平顶山市,石龙区,410404
河南省,平顶山市,湛河区,410411
河南省,平顶山市,宝丰县,410421
河南省,平顶山市,叶县,410422
河南省,平顶山市,鲁山县,410423
河南省,平顶山市,郏县,410425
河南省,平顶山市,舞钢市,410481
河南省,平顶山市,汝州市,410482
河南省,安阳市,文峰区,410502
河南省,安阳市,北关区,410503
河南省,安阳市,殷都区,410505
河南省,安阳市,龙安区,410506
河南省,安阳市,安阳县,410522
河南省,安阳市,汤阴县,410523
河南省,安阳市,滑县,410526
河南省,安阳市,内黄县,410527
河南省,安阳市,林州市,410581
河南省,鹤壁市,鹤山区,410602
河南省,鹤壁市,山城区,410603
河南省,鹤壁市,淇滨区,410611
河南省,鹤壁市,浚县,410621
河南省,鹤壁市,淇县,410622
河南省,新乡市,红旗区,410702
河南省,新乡市,卫滨区,410703
河南省,新乡市,凤泉区,410704
河南省,新乡市,牧野区,410711
河南省,新乡市,新乡县,410721
河南省,新乡市,获嘉县,410724
河南省,新乡市,原阳县,410725
河南省,新乡市,延津县,410726
河南省,新乡市,封丘县,410727
河南省,新乡市,长垣县,410728
河南省,新乡市,卫辉市,410781
河南省,新乡市,辉县市,410782
河南省,焦作市,解放区,410802
河南省,焦作市,中站区,410803
河南省,焦作市,马村区,410804
河南省,焦作市,山阳区,410811
河南省,焦作市,修武县,410821
河南省,焦作市,博爱县,410822
河南省,焦作市,武陟县,410823
河南省,焦作市,温县,410825
河南省,焦作市,沁阳市,410882
河南省,焦作市,孟州市,410883
河南省,濮阳市,华龙区,410902
河南省,濮阳市,清丰县,410922
河南省,濮阳市,南乐县,410923
河南省,濮阳市,范县,410926
河南省,濮阳市,台前县,410927
河南省,濮阳市,濮阳县,410928
河南省,许昌市,魏都区,411002
河南省,许昌市,建安区,411023
河南省,许昌市,鄢陵县,411024
河南省,许昌市,襄城县,411025
河南省,许昌市,禹州市,411081
河南省,许昌市,长葛市,411082
河南省,漯河市,源汇区,411102
河南省,漯河市,郾城区,411103
河南省,漯河市,召陵区,411104
河南省,漯河市,舞阳县,411121
河南省,漯河市,临颍县,411122
河南省,三门峡市,湖滨区,411202
河南省,三门峡市,渑池县,411221
河南省,三门峡市,陕州区,411222
河南省,三门峡市,卢氏县,411224
河南省,三门峡市,义马市,411281
河南省,三门峡市,灵宝市,411282
河南省,南阳市,宛城区,411302
河南省,南阳市,卧龙区,411303
河南省,南阳市,南召县,411321
河南省,南阳市,方城县,411322
河南省,南阳市,西峡县,411323
河南省,南阳市,镇平县,411324
河南省,南阳市,内乡县,411325
河南省,南阳市,淅川县,411326
河南省,南阳市,社旗县,411327
河南省,南阳市,唐河县,411328
河南省,南阳市,新野县,411329
河南省,南阳市,桐柏县,411330
河南省,南阳市,邓州市,411381
河南省,商丘市,粱园区,411402
河南省,商丘市,睢阳区,411403
河南省,商丘市,民权县,411421
河南省,商丘市,睢县,411422
河南省,商丘市,宁陵县,411423
河南省,商丘市,柘城县,411424
河南省,商丘市,虞城县,411425
河南省,商丘市,夏邑县,411426
河南省,商丘市,永城市,411481
河南省,信阳市,浉河区,411502
河南省,信阳市,平桥区,411503
河南省,信阳市,罗山县,411521
河南省,信阳市,光山县,411522
河南省,信阳市,新县,411523
河南省,信阳市,商城县,411524
河南省,信阳市,固始县,411525
河南省,信阳市,潢川县,411526
河南省,信阳市,淮滨县,411527
河南省,信阳市,息县,411528
河南省,周口市,川汇区,411602
河南省,周口市,扶沟县,411621
河南省,周口市,西华县,411622
河南省,周口市,商水县,411623
河南省,周口市,沈丘县,411624
河南省,周口市,郸城县,411625
河南省,周口市,淮阳县,411626
河南省,周口市,太康县,411627
河南省,周口市,鹿邑县,411628
河南省,周口市,项城市,411681
河南省,驻马店市,驿城区,411702
河南省,驻马店市,西平县,411721
河南省,驻马店市,上蔡县,411722
河南省,驻马店市,平舆县,411723
河南省,驻马店市,正阳县,411724
河南省,驻马店市,确山县,411725
河南省,驻马店市,泌阳县,411726
河南省,驻马店市,汝南县,411727
河南省,驻马店市,遂平县,411728
河南省,驻马店市,新蔡县,411729
浙江省,杭州市,上城区,330102
浙江省,杭州市,下城区,330103
浙江省,杭州市,江干区,330104
浙江省,杭州市,拱墅区,330105
浙江省,杭州市,西湖区,330106
浙江省,杭州市,滨江区,330108
浙江省,杭州市,萧山区,330109
浙江省,杭州市,余杭区,330110
浙江省,杭州市,桐庐县,330122
浙江省,杭州市,淳安县,330127
浙江省,杭州市,建德市,330182
浙江省,杭州市,富阳区,330183
浙江省,杭州市,临安市,330185
浙江省,宁波市,海曙区,330203
浙江省,宁波市,江北区,330205
浙江省,宁波市,北仑区,330206
浙江省,宁波市,镇海区,330211
浙江省,宁波市,鄞州区,330212
浙江省,宁波市,象山县,330225
浙江省,宁波市,宁海县,330226
浙江省,宁波市,余姚市,330281
浙江省,宁波市,慈溪市,330282
浙江省,宁波市,奉化区,330283
浙江省,温州市,鹿城区,330302
浙江省,温州市,龙湾区,330303
浙江省,温州市,瓯海区,330304
浙江省,温州市,洞头区,330322
浙江省,温州市,永嘉县,330324
浙江省,温州市,平阳县,330326
浙江省,温州市,苍南县,330327
浙江省,温州市,文成县,330328
浙江省,温州市,泰顺县,330329
浙江省,温州市,瑞安市,330381
浙江省,温州市,乐清市,330382
浙江省,嘉兴市,南湖区,330402
浙江省,嘉兴市,秀洲区,330411
浙江省,嘉兴市,嘉善县,330421
浙江省,嘉兴市,海盐县,330424
浙江省,嘉兴市,海宁市,330481
浙江省,嘉兴市,平湖市,330482
浙江省,嘉兴市,桐乡市,330483
浙江省,湖州市,吴兴区,330502
浙江省,湖州市,南浔区,330503
浙江省,湖州市,德清县,330521
浙江省,湖州市,长兴县,330522
浙江省,湖州市,安吉县,330523
浙江省,绍兴市,越城区,330602
浙江省,绍兴市,柯桥区,330603
浙江省,绍兴市,新昌县,330624
浙江省,绍兴市,诸暨市,330681
浙江省,绍兴市,上虞区,330604
浙江省,绍兴市,嵊州市,330683
浙江省,金华市,婺城区,330702
浙江省,金华市,金东区,330703
浙江省,金华市,武义县,330723
浙江省,金华市,浦江县,330726
浙江省,金华市,磐安县,330727
浙江省,金华市,兰溪市,330781
浙江省,金华市,义乌市,330782
浙江省,金华市,东阳市,330783
浙江省,金华市,永康市,330784
浙江省,衢州市,柯城区,330802
浙江省,衢州市,衢江区,330803
浙江省,衢州市,常山县,330822
浙江省,衢州市,开化县,330824
浙江省,衢州市,龙游县,330825
浙江省,衢州市,江山市,330881
浙江省,舟山市,定海区,330902
浙江省,舟山市,普陀区,330903
浙江省,舟山市,岱山县,330921
浙江省,舟山市,嵊泗县,330922
浙江省,台州市,椒江区,331002
浙江省,台州市,黄岩区,331003
浙江省,台州市,路桥区,331004
浙江省,台州市,玉环县,331021
浙江省,台州市,三门县,331022
浙江省,台州市,天台县,331023
浙江省,台州市,仙居县,331024
浙江省,台州市,温岭市,331081
浙江省,台州市,临海市,331082
浙江省,丽水市,莲都区,331102
浙江省,丽水市,青田县,331121
浙江省,丽水市,缙云县,331122
浙江省,丽水市,遂昌县,331123
浙江省,丽水市,松阳县,331124
浙江省,丽水市,云和县,331125
浙江省,丽水市,庆元县,331126
浙江省,丽水市,景宁畲族自治县,331127
浙江省,丽水市,龙泉市,331181
海南省,海口市,秀英区,460105
海南省,海口市,龙华区,460106
海南省,海口市,琼山区,460107
海南省,海口市,美兰区,460108
海南省,三亚市,海棠区,
海南省,三亚市,吉阳区,
海南省,三亚市,天涯区,
海南省,三亚市,崖州区,
湖北省,武汉市,江岸区,420102
湖北省,武汉市,江汉区,420103
湖北省,武汉市,硚口区,420104
湖北省,武汉市,汉阳区,420105
湖北省,武汉市,武昌区,420106
湖北省,武汉市,青山区,420107
湖北省,武汉市,洪山区,420111
湖北省,武汉市,东西湖区,420112
湖北省,武汉市,汉南区,420113
湖北省,武汉市,蔡甸区,420114
湖北省,武汉市,江夏区,420115
湖北省,武汉市,黄陂区,420116
湖北省,武汉市,新洲区,420117
湖北省,黄石市,黄石港区,420202
湖北省,黄石市,西塞山区,420203
湖北省,黄石市,下陆区,420204
湖北省,黄石市,铁山区,420205
湖北省,黄石市,阳新县,420222
湖北省,黄石市,大冶市,420281
湖北省,十堰市,茅箭区,420302
湖北省,十堰市,张湾区,420303
湖北省,十堰市,郧阳区,420304
湖北省,十堰市,郧西县,420322
湖北省,十堰市,竹山县,420323
湖北省,十堰市,竹溪县,420324
湖北省,十堰市,房县,420325
湖北省,十堰市,丹江口市,420381
湖北省,宜昌市,西陵区,420502
湖北省,宜昌市,伍家岗区,420503
湖北省,宜昌市,点军区,420504
湖北省,宜昌市,虢亭区,420505
湖北省,宜昌市,夷陵区,420506
湖北省,宜昌市,远安县,420525
湖北省,宜昌市,兴山县,420526
湖北省,宜昌市,秭归县,420527
湖北省,宜昌市,长阳土家族自治县,420528
湖北省,宜昌市,五峰土家族自治县,420529
湖北省,宜昌市,宜都市,420581
湖北省,宜昌市,当阳市,420582
湖北省,宜昌市,枝江市,420583
湖北省,襄阳市,襄城区,420602
湖北省,襄阳市,樊城区,420606
湖北省,襄阳市,襄州区,420607
湖北省,襄阳市,南漳县,420624
湖北省,襄阳市,谷城县,420625
湖北省,襄阳市,保康县,420626
湖北省,襄阳市,老河口市,420682
湖北省,襄阳市,枣阳市,420683
湖北省,襄阳市,宜城市,420684
湖北省,鄂州市,粱子湖区,420702
湖北省,鄂州市,华容区,420703
湖北省,鄂州市,鄂城区,420704
湖北省,荆门市,东宝区,420802
湖北省,荆门市,掇刀区,420804
湖北省,荆门市,京山县,420821
湖北省,荆门市,沙洋县,420822
湖北省,荆门市,钟祥市,420881
湖北省,孝感市,孝南区,420902
湖北省,孝感市,大悟县,420922
湖北省,孝感市,云梦县,420923
湖北省,孝感市,应城市,420981
湖北省,孝感市,安陆市,420982
湖北省,孝感市,汉川市,420984
湖北省,荆州市,沙市区,421002
湖北省,荆州市,荆州区,421003
湖北省,荆州市,公安县,421022
湖北省,荆州市,监利县,421023
湖北省,荆州市,江陵县,421024
湖北省,荆州市,石首市,421081
湖北省,荆州市,洪湖市,421083
湖北省,荆州市,松滋市,421087
湖北省,黄冈市,黄州区,421102
湖北省,黄冈市,团风县,421121
湖北省,黄冈市,红安县,421122
湖北省,黄冈市,罗田县,421123
湖北省,黄冈市,英山县,421124
湖北省,黄冈市,浠水县,421125
湖北省,黄冈市,蕲春县,421126
湖北省,黄冈市,黄梅县,421127
湖北省,黄冈市,麻城市,421181
湖北省,黄冈市,武穴市,421182
湖北省,咸宁市,咸安区,421202
湖北省,咸宁市,嘉鱼县,421221
湖北省,咸宁市,通城县,421222
湖北省,咸宁市,崇阳县,421223
湖北省,咸宁市,通山县,421224
湖北省,咸宁市,赤壁市,421281
湖北省,随州市,曾都区,421303
湖北省,随州市,随县,421321
湖北省,随州市,广水市,421381
湖北省,恩施土家族苗族自治州,恩施市,422801
湖北省,恩施土家族苗族自治州,利川市,422802
湖北省,恩施土家族苗族自治州,建始县,422822
湖北省,恩施土家族苗族自治州,巴东县,422823
湖北省,恩施土家族苗族自治州,宣恩县,422825
湖北省,恩施土家族苗族自治州,咸丰县,422826
湖北省,恩施土家族苗族自治州,来凤县,422827
湖北省,恩施土家族苗族自治州,鹤峰县,422828
湖南省,长沙市,芙蓉区,430102
湖南省,长沙市,天心区,430103
湖南省,长沙市,岳麓区,430104
湖南省,长沙市,开福区,430105
湖南省,长沙市,雨花区,430111
湖南省,长沙市,望城区,430112
湖南省,长沙市,长沙县,430121
湖南省,长沙市,宁乡县,430124
湖南省,长沙市,浏阳市,430181
湖南省,株洲市,荷塘区,430202
湖南省,株洲市,芦淞区,430203
湖南省,株洲市,石峰区,430204
湖南省,株洲市,天元区,430211
湖南省,株洲市,株洲县,430221
湖南省,株洲市,攸县,430223
湖南省,株洲市,茶陵县,430224
湖南省,株洲市,炎陵县,430225
湖南省,株洲市,醴陵市,430281
湖南省,湘潭市,雨湖区,430302
湖南省,湘潭市,岳塘区,430304
湖南省,湘潭市,湘潭县,430321
湖南省,湘潭市,湘乡市,430381
湖南省,湘潭市,韶山市,430382
湖南省,衡阳市,珠晖区,430405
湖南省,衡阳市,雁峰区,430406
湖南省,衡阳市,石鼓区,430407
湖南省,衡阳市,蒸湘区,430408
湖南省,衡阳市,南岳区,430412
湖南省,衡阳市,衡阳县,430421
湖南省,衡阳市,衡南县,430422
湖南省,衡阳市,衡山县,430423
湖南省,衡阳市,衡东县,430424
湖南省,衡阳市,祁东县,430426
湖南省,衡阳市,耒阳市,430481
湖南省,衡阳市,常宁市,430482
湖南省,邵阳市,双清区,430502
湖南省,邵阳市,大祥区,430503
湖南省,邵阳市,北塔区,430511
湖南省,邵阳市,邵东县,430521
湖南省,邵阳市,新邵县,430522
湖南省,邵阳市,邵阳县,430523
湖南省,邵阳市,隆回县,430524
湖南省,邵阳市,洞口县,430525
湖南省,邵阳市,绥宁县,430527
湖南省,邵阳市,新宁县,430528
湖南省,邵阳市,城步苗族自治县,430529
湖南省,邵阳市,武冈市,430581
湖南省,岳阳市,岳阳楼区,430602
湖南省,岳阳市,云溪区,430603
湖南省,岳阳市,君山区,430611
湖南省,岳阳市,岳阳县,430621
湖南省,岳阳市,华容县,430623
湖南省,岳阳市,湘阴县,430624
湖南省,岳阳市,平江县,430626
湖南省,岳阳市,汨罗市,430681
湖南省,岳阳市,临湘市,430682
湖南省,常德市,武陵区,430702
湖南省,常德市,鼎城区,430703
湖南省,常德市,安乡县,430721
湖南省,常德市,汉寿县,430722
湖南省,常德市,澧县,430723
湖南省,常德市,临澧县,430724
湖南省,常德市,桃源县,430725
湖南省,常德市,石门县,430726
湖南省,常德市,津市市,430781
湖南省,张家界市,永定区,430802
湖南省,张家界市,武陵源区,430811
湖南省,张家界市,慈利县,430821
湖南省,张家界市,桑植县,430822
湖南省,益阳市,资阳区,430902
湖南省,益阳市,赫山区,430903
湖南省,益阳市,南县,430921
湖南省,益阳市,桃江县,430922
湖南省,益阳市,安化县,430923
湖南省,益阳市,沅江市,430981
湖南省,郴州市,北湖区,431002
湖南省,郴州市,苏仙区,431003
湖南省,郴州市,桂阳县,431021
湖南省,郴州市,宜章县,431022
湖南省,郴州市,永兴县,431023
湖南省,郴州市,嘉禾县,431024
湖南省,郴州市,临武县,431025
湖南省,郴州市,汝城县,431026
湖南省,郴州市,桂东县,431027
湖南省,郴州市,安仁县,431028
湖南省,郴州市,资兴市,431081
湖南省,永州市,零陵区,431102
湖南省,永州市,冷水滩区,431103
湖南省,永州市,祁阳县,431121
湖南省,永州市,东安县,431122
湖南省,永州市,双牌县,431123
湖南省,永州市,道县,431124
湖南省,永州市,江永县,431125
湖南省,永州市,宁远县,431126
湖南省,永州市,蓝山县,431127
湖南省,永州市,新田县,431128
湖南省,永州市,江华瑶族自治县,431129
湖南省,怀化市,鹤城区,431202
湖南省,怀化市,中方县,431221
湖南省,怀化市,沅陵县,431222
湖南省,怀化市,辰溪县,431223
湖南省,怀化市,溆浦县,431224
湖南省,怀化市,会同县,431225
湖南省,怀化市,麻阳苗族自治县,431226
湖南省,怀化市,新晃侗族自治县,431227
湖南省,怀化市,芷江侗族自治县,431228
湖南省,怀化市,靖州苗族侗族自治县,431229
湖南省,怀化市,通道侗族自治县,431230
湖南省,怀化市,洪江市,431281
湖南省,娄底市,娄星区,431302
湖南省,娄底市,双峰县,431321
湖南省,娄底市,新化县,431322
湖南省,娄底市,冷水江市,431381
湖南省,娄底市,涟源市,431382
湖南省,湘西土家族苗族自治州,吉首市,433101
湖南省,湘西土家族苗族自治州,泸溪县,433122
湖南省,湘西土家族苗族自治州,凤凰县,433123
湖南省,湘西土家族苗族自治州,花垣县,433124
湖南省,湘西土家族苗族自治州,保靖县,433125
湖南省,湘西土家族苗族自治州,古丈县,433126
湖南省,湘西土家族苗族自治州,永顺县,433127
湖南省,湘西土家族苗族自治州,龙山县,433130
甘肃省,兰州市,城关区,620102
甘肃省,兰州市,七里河区,620103
甘肃省,兰州市,西固区,620104
甘肃省,兰州市,安宁区,620105
甘肃省,兰州市,红古区,620111
甘肃省,兰州市,永登县,620121
甘肃省,兰州市,皋兰县,620122
甘肃省,兰州市,榆中县,620123
甘肃省,嘉峪关市,镜铁区,620201
甘肃省,嘉峪关市,长城区,620201
甘肃省,嘉峪关市,雄关区,620201
甘肃省,金昌市,金川区,620302
甘肃省,金昌市,永昌县,620321
甘肃省,白银市,白银区,620402
甘肃省,白银市,平川区,620403
甘肃省,白银市,靖远县,620421
甘肃省,白银市,会宁县,620422
甘肃省,白银市,景泰县,620423
甘肃省,天水市,秦州区,620502
甘肃省,天水市,麦积区,620503
甘肃省,天水市,清水县,620521
甘肃省,天水市,秦安县,620522
甘肃省,天水市,甘谷县,620523
甘肃省,天水市,武山县,620524
甘肃省,天水市,张家川回族自治县,620525
甘肃省,武威市,凉州区,620602
甘肃省,武威市,民勤县,620621
甘肃省,武威市,古浪县,620622
甘肃省,武威市,天祝藏族自治县,620623
甘肃省,张掖市,甘州区,620702
甘肃省,张掖市,肃南裕固族自治县,620721
甘肃省,张掖市,民乐县,620722
甘肃省,张掖市,临泽县,620723
甘肃省,张掖市,高台县,620724
甘肃省,张掖市,山丹县,620725
甘肃省,平凉市,崆峒区,620802
甘肃省,平凉市,泾川县,620821
甘肃省,平凉市,灵台县,620822
甘肃省,平凉市,崇信县,620823
甘肃省,平凉市,华亭县,620824
甘肃省,平凉市,庄浪县,620825
甘肃省,平凉市,静宁县,620826
甘肃省,酒泉市,肃州区,620902
甘肃省,酒泉市,金塔县,620921
甘肃省,酒泉市,瓜州县,620922
甘肃省,酒泉市,肃北蒙古族自治县,620923
甘肃省,酒泉市,阿克塞哈萨克族自治县,620924
甘肃省,酒泉市,玉门市,620981
甘肃省,酒泉市,敦煌市,620982
甘肃省,庆阳市,西峰区,621002
甘肃省,庆阳市,庆城县,621021
甘肃省,庆阳市,环县,621022
甘肃省,庆阳市,华池县,621023
甘肃省,庆阳市,合水县,621024
甘肃省,庆阳市,正宁县,621025
甘肃省,庆阳市,宁县,621026
甘肃省,庆阳市,镇原县,621027
甘肃省,定西市,安定区,621102
甘肃省,定西市,通渭县,621121
甘肃省,定西市,陇西县,621122
甘肃省,定西市,渭源县,621123
甘肃省,定西市,临洮县,621124
甘肃省,定西市,漳县,621125
甘肃省,定西市,岷县,621126
甘肃省,陇南市,武都区,621202
甘肃省,陇南市,成县,621221
甘肃省,陇南市,文县,621222
甘肃省,陇南市,宕昌县,621223
甘肃省,陇南市,康县,621224
甘肃省,陇南市,西和县,621225
甘肃省,陇南市,礼县,621226
甘肃省,陇南市,徽县,621227
甘肃省,陇南市,两当县,621228
甘肃省,临夏回族自治州,临夏市,622901
甘肃省,临夏回族自治州,临夏县,622921
甘肃省,临夏回族自治州,康乐县,622922
甘肃省,临夏回族自治州,永靖县,622923
甘肃省,临夏回族自治州,广河县,622924
甘肃省,临夏回族自治州,和政县,622925
甘肃省,临夏回族自治州,东乡族自治县,622926
甘肃省,临夏回族自治州,积石山保安族东乡族撒拉族自治县,622927
甘肃省,甘南藏族自治州,合作市,623001
甘肃省,甘南藏族自治州,临潭县,623021
甘肃省,甘南藏族自治州,卓尼县,623022
甘肃省,甘南藏族自治州,舟曲县,623023
甘肃省,甘南藏族自治州,迭部县,623024
甘肃省,甘南藏族自治州,玛曲县,623025
甘肃省,甘南藏族自治州,碌曲县,623026
甘肃省,甘南藏族自治州,夏河县,623027
福建省,福州市,鼓楼区,350102
福建省,福州市,台江区,350103
福建省,福州市,仓山区,350104
福建省,福州市,马尾区,350105
福建省,福州市,晋安区,350111
福建省,福州市,闽侯县,350121
福建省,福州市,连江县,350122
福建省,福州市,罗源县,350123
福建省,福州市,闽清县,350124
福建省,福州市,永泰县,350125
福建省,福州市,平潭县,350128
福建省,福州市,福清市,350181
福建省,福州市,长乐市,350182
福建省,厦门市,思明区,350203
福建省,厦门市,海沧区,350205
福建省,厦门市,湖里区,350206
福建省,厦门市,集美区,350211
福建省,厦门市,同安区,350212
福建省,厦门市,翔安区,350213
福建省,莆田市,城厢区,350302
福建省,莆田市,涵江区,350303
福建省,莆田市,荔城区,350304
福建省,莆田市,秀屿区,350305
福建省,莆田市,仙游县,350322
福建省,三明市,梅列区,350402
福建省,三明市,三元区,350403
福建省,三明市,明溪县,350421
福建省,三明市,清流县,350423
福建省,三明市,宁化县,350424
福建省,三明市,大田县,350425
福建省,三明市,尤溪县,350426
福建省,三明市,沙县,350427
福建省,三明市,将乐县,350428
福建省,三明市,泰宁县,350429
福建省,三明市,建宁县,350430
福建省,三明市,永安市,350481
福建省,泉州市,鲤城区,350502
福建省,泉州市,丰泽区,350503
福建省,泉州市,洛江区,350504
福建省,泉州市,泉港区,350505
福建省,泉州市,惠安县,350521
福建省,泉州市,安溪县,350524
福建省,泉州市,永春县,350525
福建省,泉州市,德化县,350526
福建省,泉州市,金门县,350527
福建省,泉州市,石狮市,350581
福建省,泉州市,晋江市,350582
福建省,泉州市,南安市,350583
福建省,漳州市,芗城区,350602
福建省,漳州市,龙文区,350603
福建省,漳州市,云霄县,350622
福建省,漳州市,漳浦县,350623
福建省,漳州市,诏安县,350624
福建省,漳州市,长泰县,350625
福建省,漳州市,东山县,350626
福建省,漳州市,南靖县,350627
福建省,漳州市,平和县,350628
福建省,漳州市,华安县,350629
福建省,漳州市,龙海市,350681
福建省,南平市,延平区,350702
福建省,南平市,顺昌县,350721
福建省,南平市,浦城县,350722
福建省,南平市,光泽县,350723
福建省,南平市,松溪县,350724
福建省,南平市,政和县,350725
福建省,南平市,邵武市,350781
福建省,南平市,武夷山市,350782
福建省,南平市,建瓯市,350783
福建省,南平市,建阳区,350703
福建省,龙岩市,新罗区,350802
福建省,龙岩市,长汀县,350821
福建省,龙岩市,永定区,350803
福建省,龙岩市,上杭县,350823
福建省,龙岩市,武平县,350824
福建省,龙岩市,连城县,350825
福建省,龙岩市,漳平市,350881
福建省,宁德市,蕉城区,350902
福建省,宁德市,霞浦县,350921
福建省,宁德市,古田县,350922
福建省,宁德市,屏南县,350923
福建省,宁德市,寿宁县,350924
福建省,宁德市,周宁县,350925
福建省,宁德市,柘荣县,350926
福建省,宁德市,福安市,350981
福建省,宁德市,福鼎市,350982
西藏自治区,拉萨市,城关区,540102
西藏自治区,拉萨市,林周县,540121
西藏自治区,拉萨市,当雄县,540122
西藏自治区,拉萨市,尼木县,540123
西藏自治区,拉萨市,曲水县,540124
西藏自治区,拉萨市,堆龙德庆区,540125
西藏自治区,拉萨市,达孜县,540126
西藏自治区,拉萨市,墨竹工卡县,540127
西藏自治区,昌都市,卡若区,542121
西藏自治区,昌都市,江达县,542122
西藏自治区,昌都市,贡觉县,542123
西藏自治区,昌都市,类乌齐县,542124
西藏自治区,昌都市,丁青县,542125
西藏自治区,昌都市,察雅县,542126
西藏自治区,昌都市,八宿县,542127
西藏自治区,昌都市,左贡县,542128
西藏自治区,昌都市,芒康县,542129
西藏自治区,昌都市,洛隆县,542132
西藏自治区,昌都市,边坝县,542133
西藏自治区,山南市,乃东区,542221
西藏自治区,山南市,扎囊县,542222
西藏自治区,山南市,贡嘎县,542223
西藏自治区,山南市,桑日县,542224
西藏自治区,山南市,琼结县,542225
西藏自治区,山南市,曲松县,542226
西藏自治区,山南市,措美县,542227
西藏自治区,山南市,洛扎县,542228
西藏自治区,山南市,加查县,542229
西藏自治区,山南市,隆子县,542231
西藏自治区,山南市,错那县,542232
西藏自治区,山南市,浪卡子县,542233
西藏自治区,日喀则市,桑珠孜区,542301
西藏自治区,日喀则市,南木林县,542322
西藏自治区,日喀则市,江孜县,542323
西藏自治区,日喀则市,定日县,542324
西藏自治区,日喀则市,萨迦县,542325
西藏自治区,日喀则市,拉孜县,542326
西藏自治区,日喀则市,昂仁县,542327
西藏自治区,日喀则市,谢通门县,542328
西藏自治区,日喀则市,白朗县,542329
西藏自治区,日喀则市,仁布县,542330
西藏自治区,日喀则市,康马县,542331
西藏自治区,日喀则市,定结县,542332
西藏自治区,日喀则市,仲巴县,542333
西藏自治区,日喀则市,亚东县,542334
西藏自治区,日喀则市,吉隆县,542335
西藏自治区,日喀则市,聂拉木县,542336
西藏自治区,日喀则市,萨嘎县,542337
西藏自治区,日喀则市,岗巴县,542338
西藏自治区,那曲地区,双湖县,542431
西藏自治区,那曲地区,那曲县,542421
西藏自治区,那曲地区,嘉黎县,542421
西藏自治区,那曲地区,比如县,542423
西藏自治区,那曲地区,聂荣县,542424
西藏自治区,那曲地区,安多县,542425
西藏自治区,那曲地区,申扎县,542426
西藏自治区,那曲地区,索县,542427
西藏自治区,那曲地区,班戈县,542428
西藏自治区,那曲地区,巴青县,542429
西藏自治区,那曲地区,尼玛县,542430
西藏自治区,阿里地区,普兰县,542521
西藏自治区,阿里地区,札达县,542522
西藏自治区,阿里地区,噶尔县,542523
西藏自治区,阿里地区,日土县,542524
西藏自治区,阿里地区,革吉县,542525
西藏自治区,阿里地区,改则县,542526
西藏自治区,阿里地区,措勤县,542527
西藏自治区,林芝市,巴宜区,540402
西藏自治区,林芝市,工布江达县,542621
西藏自治区,林芝市,米林县,542621
西藏自治区,林芝市,墨脱县,542621
西藏自治区,林芝市,波密县,542621
西藏自治区,林芝市,察隅县,542621
西藏自治区,林芝市,朗县,542621
贵州省,贵阳市,观山湖区,
贵州省,贵阳市,南明区,520102
贵州省,贵阳市,云岩区,520103
贵州省,贵阳市,花溪区,520111
贵州省,贵阳市,乌当区,520112
贵州省,贵阳市,白云区,520113
贵州省,贵阳市,开阳县,520121
贵州省,贵阳市,息烽县,520122
贵州省,贵阳市,修文县,520123
贵州省,贵阳市,清镇市,520181
贵州省,六盘水市,钟山区,520201
贵州省,六盘水市,六枝特区,520203
贵州省,六盘水市,水城县,520221
贵州省,六盘水市,盘县,520222
贵州省,遵义市,红花岗区,520302
贵州省,遵义市,汇川区,520303
贵州省,遵义市,播州区,520321
贵州省,遵义市,桐梓县,520322
贵州省,遵义市,绥阳县,520323
贵州省,遵义市,正安县,520324
贵州省,遵义市,道真仡佬族苗族自治县,520325
贵州省,遵义市,务川仡佬族苗族自治县,520326
贵州省,遵义市,凤冈县,520327
贵州省,遵义市,湄潭县,520328
贵州省,遵义市,余庆县,520329
贵州省,遵义市,习水县,520330
贵州省,遵义市,赤水市,520381
贵州省,遵义市,仁怀市,520382
贵州省,安顺市,西秀区,520402
贵州省,安顺市,平坝区,520403
贵州省,安顺市,普定县,520422
贵州省,安顺市,镇宁布依族苗族自治县,520423
贵州省,安顺市,关岭布依族苗族自治县,520424
贵州省,安顺市,紫云苗族布依族自治县,520425
贵州省,毕节市,七星关区,520502
贵州省,毕节市,大方县,520521
贵州省,毕节市,黔西县,520522
贵州省,毕节市,金沙县,520523
贵州省,毕节市,织金县,520524
贵州省,毕节市,纳雍县,520525
贵州省,毕节市,威宁彝族回族苗族自治县,520526
贵州省,毕节市,赫章县,520527
贵州省,铜仁市,碧江区,520602
贵州省,铜仁市,万山区,520603
贵州省,铜仁市,江口县,520621
贵州省,铜仁市,玉屏侗族自治县,520622
贵州省,铜仁市,石阡县,520623
贵州省,铜仁市,思南县,520624
贵州省,铜仁市,印江土家族苗族自治县,520625
贵州省,铜仁市,德江县,520626
贵州省,铜仁市,沿河土家族自治县,520627
贵州省,铜仁市,松桃苗族自治县,520628
贵州省,黔西南布依族苗族自治州,兴义市,522301
贵州省,黔西南布依族苗族自治州,兴仁县,522322
贵州省,黔西南布依族苗族自治州,普安县,522323
贵州省,黔西南布依族苗族自治州,晴隆县,522324
贵州省,黔西南布依族苗族自治州,贞丰县,522325
贵州省,黔西南布依族苗族自治州,望谟县,522326
贵州省,黔西南布依族苗族自治州,册亨县,522327
贵州省,黔西南布依族苗族自治州,安龙县,522328
贵州省,黔东南苗族侗族自治州,凯里市,522601
贵州省,黔东南苗族侗族自治州,黄平县,522622
贵州省,黔东南苗族侗族自治州,施秉县,522623
贵州省,黔东南苗族侗族自治州,三穗县,522624
贵州省,黔东南苗族侗族自治州,镇远县,522625
贵州省,黔东南苗族侗族自治州,岑巩县,522626
贵州省,黔东南苗族侗族自治州,天柱县,522627
贵州省,黔东南苗族侗族自治州,锦屏县,522628
贵州省,黔东南苗族侗族自治州,剑河县,522629
贵州省,黔东南苗族侗族自治州,台江县,522630
贵州省,黔东南苗族侗族自治州,黎平县,522631
贵州省,黔东南苗族侗族自治州,榕江县,522632
贵州省,黔东南苗族侗族自治州,从江县,522633
贵州省,黔东南苗族侗族自治州,雷山县,522634
贵州省,黔东南苗族侗族自治州,麻江县,522635
贵州省,黔东南苗族侗族自治州,丹寨县,522636
贵州省,黔南布依族苗族自治州,都匀市,522701
贵州省,黔南布依族苗族自治州,福泉市,522702
贵州省,黔南布依族苗族自治州,荔波县,522722
贵州省,黔南布依族苗族自治州,贵定县,522723
贵州省,黔南布依族苗族自治州,瓮安县,522725
贵州省,黔南布依族苗族自治州,独山县,522726
贵州省,黔南布依族苗族自治州,平塘县,522727
贵州省,黔南布依族苗族自治州,罗甸县,522728
贵州省,黔南布依族苗族自治州,长顺县,522729
贵州省,黔南布依族苗族自治州,龙里县,522730
贵州省,黔南布依族苗族自治州,惠水县,522731
贵州省,黔南布依族苗族自治州,三都水族自治县,522732
辽宁省,沈阳市,和平区,210102
辽宁省,沈阳市,沈河区,210103
辽宁省,沈阳市,大东区,210104
辽宁省,沈阳市,皇姑区,210105
辽宁省,沈阳市,铁西区,210106
辽宁省,沈阳市,苏家屯区,210111
辽宁省,沈阳市,浑南区,210112
辽宁省,沈阳市,沈北新区,210113
辽宁省,沈阳市,于洪区,210114
辽宁省,沈阳市,辽中区,210122
辽宁省,沈阳市,康平县,210123
辽宁省,沈阳市,法库县,210124
辽宁省,沈阳市,新民市,210181
辽宁省,大连市,中山区,210202
辽宁省,大连市,西岗区,210203
辽宁省,大连市,沙河口区,210204
辽宁省,大连市,甘井子区,210211
辽宁省,大连市,旅顺口区,210212
辽宁省,大连市,金州区,210213
辽宁省,大连市,长海县,210224
辽宁省,大连市,瓦房店市,210281
辽宁省,大连市,普兰店区,210282
辽宁省,大连市,庄河市,210283
辽宁省,鞍山市,铁东区,210302
辽宁省,鞍山市,铁西区,210303
辽宁省,鞍山市,立山区,210304
辽宁省,鞍山市,千山区,210311
辽宁省,鞍山市,台安县,210321
辽宁省,鞍山市,岫岩满族自治县,210323
辽宁省,鞍山市,海城市,210381
辽宁省,抚顺市,新抚区,210402
辽宁省,抚顺市,东洲区,210403
辽宁省,抚顺市,望花区,210404
辽宁省,抚顺市,顺城区,210411
辽宁省,抚顺市,抚顺县,210421
辽宁省,抚顺市,新宾满族自治县,210422
辽宁省,抚顺市,清原满族自治县,210423
辽宁省,本溪市,平山区,210502
辽宁省,本溪市,溪湖区,210503
辽宁省,本溪市,明山区,210504
辽宁省,本溪市,南芬区,210505
辽宁省,本溪市,本溪满族自治县,210521
辽宁省,本溪市,桓仁满族自治县,210522
辽宁省,丹东市,元宝区,210602
辽宁省,丹东市,振兴区,210603
辽宁省,丹东市,振安区,210604
辽宁省,丹东市,宽甸满族自治县,210624
辽宁省,丹东市,东港市,210681
辽宁省,丹东市,凤城市,210682
辽宁省,锦州市,古塔区,210702
辽宁省,锦州市,凌河区,210703
辽宁省,锦州市,太和区,210711
辽宁省,锦州市,黑山县,210726
辽宁省,锦州市,义县,210727
辽宁省,锦州市,凌海市,210781
辽宁省,锦州市,北镇市,210782
辽宁省,营口市,站前区,210802
辽宁省,营口市,西市区,210803
辽宁省,营口市,鲅鱼圈区,210804
辽宁省,营口市,老边区,210811
辽宁省,营口市,盖州市,210881
辽宁省,营口市,大石桥市,210882
辽宁省,阜新市,海州区,210902
辽宁省,阜新市,新邱区,210903
辽宁省,阜新市,太平区,210904
辽宁省,阜新市,清河门区,210905
辽宁省,阜新市,细河区,210911
辽宁省,阜新市,阜新蒙古族自治县,210921
辽宁省,阜新市,彰武县,210922
辽宁省,辽阳市,白塔区,211002
辽宁省,辽阳市,文圣区,211003
辽宁省,辽阳市,宏伟区,211004
辽宁省,辽阳市,弓长岭区,211005
辽宁省,辽阳市,辽阳县,211021
辽宁省,辽阳市,灯塔市,211081
辽宁省,辽阳市,太子河区,211110
辽宁省,盘锦市,双台子区,211103
辽宁省,盘锦市,兴隆台区,211103
辽宁省,盘锦市,大洼区,211121
辽宁省,盘锦市,盘山县,211122
辽宁省,铁岭市,银州区,211202
辽宁省,铁岭市,清河区,211204
辽宁省,铁岭市,铁岭县,211221
辽宁省,铁岭市,西丰县,211223
辽宁省,铁岭市,昌图县,211224
辽宁省,铁岭市,调兵山市,211281
辽宁省,铁岭市,开原市,211282
辽宁省,朝阳市,双塔区,211302
辽宁省,朝阳市,龙城区,211303
辽宁省,朝阳市,朝阳县,211321
辽宁省,朝阳市,建平县,211322
辽宁省,朝阳市,喀喇沁左翼蒙古族自治县,211324
辽宁省,朝阳市,北票市,211381
辽宁省,朝阳市,凌源市,211382
辽宁省,葫芦岛市,连山区,211402
辽宁省,葫芦岛市,龙港区,211403
辽宁省,葫芦岛市,南票区,211404
辽宁省,葫芦岛市,绥中县,211421
辽宁省,葫芦岛市,建昌县,211422
辽宁省,葫芦岛市,兴城市,211481
重庆市,万州区,,500101
重庆市,涪陵区,,500102
重庆市,渝中区,,500103
重庆市,大渡口区,,500104
重庆市,江北区,,500105
重庆市,沙坪坝区,,500106
重庆市,九龙坡区,,500107
重庆市,南岸区,,500108
重庆市,北碚区,,500109
重庆市,綦江区,,500110
重庆市,大足区,,500111
重庆市,渝北区,,500112
重庆市,巴南区,,500113
重庆市,黔江区,,500114
重庆市,长寿区,,500115
重庆市,江津区,,500116
重庆市,合川区,,500117
重庆市,永川区,,500118
重庆市,南川区,,500119
重庆市,潼南区,,500223
重庆市,铜梁区,,500151
重庆市,荣昌区,,500226
重庆市,璧山区,,500120
重庆市,梁平区,,500228
重庆市,城口县,,500229
重庆市,丰都县,,500230
重庆市,垫江县,,500231
重庆市,武隆区,,500232
重庆市,忠县,,500233
重庆市,开州区,,500234
重庆市,云阳县,,500235
重庆市,奉节县,,500236
重庆市,巫山县,,500237
重庆市,巫溪县,,500238
重庆市,石柱土家族自治县,,500240
重庆市,秀山土家族苗族自治县,,500241
重庆市,酉阳土家族苗族自治县,,500242
重庆市,彭水苗族土家族自治县,,500243
陕西省,西安市,新城区,610102
陕西省,西安市,碑林区,610103
陕西省,西安市,莲湖区,610104
陕西省,西安市,灞桥区,610111
陕西省,西安市,未央区,610112
陕西省,西安市,雁塔区,610113
陕西省,西安市,阎良区,610114
陕西省,西安市,临潼区,610115
陕西省,西安市,长安区,610116
陕西省,西安市,蓝田县,610122
陕西省,西安市,周至县,610124
陕西省,西安市,鄠邑区,610125
陕西省,西安市,高陵区,610117
陕西省,铜川市,王益区,610202
陕西省,铜川市,印台区,610203
陕西省,铜川市,耀州区,610204
陕西省,铜川市,宜君县,610222
陕西省,宝鸡市,渭滨区,610302
陕西省,宝鸡市,金台区,610303
陕西省,宝鸡市,陈仓区,610304
陕西省,宝鸡市,凤翔县,610322
陕西省,宝鸡市,岐山县,610323
陕西省,宝鸡市,扶风县,610324
陕西省,宝鸡市,眉县,610326
陕西省,宝鸡市,陇县,610327
陕西省,宝鸡市,千阳县,610328
陕西省,宝鸡市,麟游县,610329
陕西省,宝鸡市,凤县,610330
陕西省,宝鸡市,太白县,610331
陕西省,咸阳市,秦都区,610402
陕西省,咸阳市,杨陵区,610403
陕西省,咸阳市,渭城区,610404
陕西省,咸阳市,三原县,610422
陕西省,咸阳市,泾阳县,610423
陕西省,咸阳市,乾县,610424
陕西省,咸阳市,礼泉县,610425
陕西省,咸阳市,永寿县,610426
陕西省,咸阳市,彬县,610427
陕西省,咸阳市,长武县,610428
陕西省,咸阳市,旬邑县,610429
陕西省,咸阳市,淳化县,610430
陕西省,咸阳市,武功县,610431
陕西省,咸阳市,兴平市,610481
陕西省,渭南市,临渭区,610502
陕西省,渭南市,华州区,610521
陕西省,渭南市,潼关县,610522
陕西省,渭南市,大荔县,610523
陕西省,渭南市,合阳县,610524
陕西省,渭南市,澄城县,610525
陕西省,渭南市,蒲城县,610526
陕西省,渭南市,白水县,610527
陕西省,渭南市,富平县,610528
陕西省,渭南市,韩城市,610581
陕西省,渭南市,华阴市,610582
陕西省,延安市,宝塔区,610602
陕西省,延安市,延长县,610621
陕西省,延安市,延川县,610622
陕西省,延安市,子长县,610623
陕西省,延安市,安塞区,610624
陕西省,延安市,志丹县,610625
陕西省,延安市,吴起县,610626
陕西省,延安市,甘泉县,610627
陕西省,延安市,富县,610628
陕西省,延安市,洛川县,610629
陕西省,延安市,宜川县,610630
陕西省,延安市,黄龙县,610631
陕西省,延安市,黄陵县,610632
陕西省,汉中市,汉台区,610702
陕西省,汉中市,南郑县,610721
陕西省,汉中市,城固县,610722
陕西省,汉中市,洋县,610723
陕西省,汉中市,西乡县,610724
陕西省,汉中市,勉县,610725
陕西省,汉中市,宁强县,610726
陕西省,汉中市,略阳县,610727
陕西省,汉中市,镇巴县,610728
陕西省,汉中市,留坝县,610729
陕西省,汉中市,佛坪县,610730
陕西省,榆林市,榆阳区,610802
陕西省,榆林市,神木县,610821
陕西省,榆林市,府谷县,610822
陕西省,榆林市,横山区,610823
陕西省,榆林市,靖边县,610824
陕西省,榆林市,定边县,610825
陕西省,榆林市,绥德县,610826
陕西省,榆林市,米脂县,610827
陕西省,榆林市,佳县,610828
陕西省,榆林市,吴堡县,610829
陕西省,榆林市,清涧县,610830
陕西省,榆林市,子洲县,610831
陕西省,安康市,汉滨区,610902
陕西省,安康市,汉阴县,610921
陕西省,安康市,石泉县,610922
陕西省,安康市,宁陕县,610923
陕西省,安康市,紫阳县,610924
陕西省,安康市,岚皋县,610925
陕西省,安康市,平利县,610926
陕西省,安康市,镇坪县,610927
陕西省,安康市,旬阳县,610928
陕西省,安康市,白河县,610929
陕西省,商洛市,商州区,611002
陕西省,商洛市,洛南县,611021
陕西省,商洛市,丹凤县,611022
陕西省,商洛市,商南县,611023
陕西省,商洛市,山阳县,611024
陕西省,商洛市,镇安县,611025
陕西省,商洛市,柞水县,611026
青海省,西宁市,城东区,630102
青海省,西宁市,城中区,630103
青海省,西宁市,城西区,630104
青海省,西宁市,城北区,630105
青海省,西宁市,大通回族土族自治县,630121
青海省,西宁市,湟中县,630122
青海省,西宁市,湟源县,630123
青海省,海东市,乐都区,630202
青海省,海东市,平安区,632121
青海省,海东市,民和回族土族自治县,632122
青海省,海东市,互助土族自治县,632126
青海省,海东市,化隆回族自治县,632127
青海省,海东市,循化撒拉族自治县,632128
青海省,海北藏族自治州,门源回族自治县,632221
青海省,海北藏族自治州,祁连县,632222
青海省,海北藏族自治州,海晏县,632223
青海省,海北藏族自治州,刚察县,632224
青海省,黄南藏族自治州,同仁县,632321
青海省,黄南藏族自治州,尖扎县,632322
青海省,黄南藏族自治州,泽库县,632323
青海省,黄南藏族自治州,河南蒙古族自治县,632324
青海省,海南藏族自治州,共和县,632521
青海省,海南藏族自治州,同德县,632522
青海省,海南藏族自治州,贵德县,632523
青海省,海南藏族自治州,兴海县,632524
青海省,海南藏族自治州,贵南县,632525
青海省,果洛藏族自治州,玛沁县,632621
青海省,果洛藏族自治州,班玛县,632622
青海省,果洛藏族自治州,甘德县,632623
青海省,果洛藏族自治州,达日县,632624
青海省,果洛藏族自治州,久治县,632625
青海省,果洛藏族自治州,玛多县,632626
青海省,玉树藏族自治州,玉树市,632721
青海省,玉树藏族自治州,杂多县,632722
青海省,玉树藏族自治州,治多县,632724
青海省,玉树藏族自治州,囊谦县,632725
青海省,玉树藏族自治州,曲麻莱县,632726
青海省,海西蒙古族藏族自治州,大柴旦行委,
青海省,海西蒙古族藏族自治州,冷湖行委,
青海省,海西蒙古族藏族自治州,茫崖行委,
青海省,海西蒙古族藏族自治州,格尔木市,632801
青海省,海西蒙古族藏族自治州,德令哈市,632802
青海省,海西蒙古族藏族自治州,乌兰县,632821
青海省,海西蒙古族藏族自治州,都兰县,632822
青海省,海西蒙古族藏族自治州,天峻县,632823
黑龙江省,哈尔滨市,道里区,230102
黑龙江省,哈尔滨市,南岗区,230103
黑龙江省,哈尔滨市,道外区,230104
黑龙江省,哈尔滨市,平房区,230108
黑龙江省,哈尔滨市,松北区,230109
黑龙江省,哈尔滨市,香坊区,230110
黑龙江省,哈尔滨市,呼兰区,230111
黑龙江省,哈尔滨市,阿城区,230112
黑龙江省,哈尔滨市,依兰县,230123
黑龙江省,哈尔滨市,方正县,230124
黑龙江省,哈尔滨市,宾县,230125
黑龙江省,哈尔滨市,巴彦县,230126
黑龙江省,哈尔滨市,木兰县,230127
黑龙江省,哈尔滨市,通河县,230128
黑龙江省,哈尔滨市,延寿县,230129
黑龙江省,哈尔滨市,双城区,230182
黑龙江省,哈尔滨市,尚志市,230183
黑龙江省,哈尔滨市,五常市,230184
黑龙江省,齐齐哈尔市,龙沙区,230202
黑龙江省,齐齐哈尔市,建华区,230203
黑龙江省,齐齐哈尔市,铁锋区,230204
黑龙江省,齐齐哈尔市,昂昂溪区,230205
黑龙江省,齐齐哈尔市,富拉尔基区,230206
黑龙江省,齐齐哈尔市,碾子山区,230207
黑龙江省,齐齐哈尔市,梅里斯达斡尔族区,230208
黑龙江省,齐齐哈尔市,龙江县,230221
黑龙江省,齐齐哈尔市,依安县,230223
黑龙江省,齐齐哈尔市,泰来县,230224
黑龙江省,齐齐哈尔市,甘南县,230225
黑龙江省,齐齐哈尔市,富裕县,230227
黑龙江省,齐齐哈尔市,克山县,230229
黑龙江省,齐齐哈尔市,克东县,230230
黑龙江省,齐齐哈尔市,拜泉县,230231
黑龙江省,齐齐哈尔市,讷河市,230281
黑龙江省,鸡西市,鸡冠区,230302
黑龙江省,鸡西市,恒山区,230303
黑龙江省,鸡西市,滴道区,230304
黑龙江省,鸡西市,梨树区,230305
黑龙江省,鸡西市,城子河区,230306
黑龙江省,鸡西市,麻山区,230307
黑龙江省,鸡西市,鸡东县,230321
黑龙江省,鸡西市,虎林市,230381
黑龙江省,鸡西市,密山市,230382
黑龙江省,鹤岗市,向阳区,230402
黑龙江省,鹤岗市,工农区,230403
黑龙江省,鹤岗市,南山区,230404
黑龙江省,鹤岗市,兴安区,230405
黑龙江省,鹤岗市,东山区,230406
黑龙江省,鹤岗市,兴山区,230407
黑龙江省,鹤岗市,萝北县,230421
黑龙江省,鹤岗市,绥滨县,230422
黑龙江省,双鸭山市,尖山区,230502
黑龙江省,双鸭山市,岭东区,230503
黑龙江省,双鸭山市,四方台区,230505
黑龙江省,双鸭山市,宝山区,230506
黑龙江省,双鸭山市,集贤县,230521
黑龙江省,双鸭山市,友谊县,230522
黑龙江省,双鸭山市,宝清县,230523
黑龙江省,双鸭山市,饶河县,230524
黑龙江省,大庆市,萨尔图区,230602
黑龙江省,大庆市,龙凤区,230603
黑龙江省,大庆市,让胡路区,230604
黑龙江省,大庆市,红岗区,230605
黑龙江省,大庆市,大同区,230606
黑龙江省,大庆市,肇州县,230621
黑龙江省,大庆市,肇源县,230622
黑龙江省,大庆市,林甸县,230623
黑龙江省,大庆市,杜尔伯特蒙古族自治县,230624
黑龙江省,伊春市,伊春区,230702
黑龙江省,伊春市,南岔区,230703
黑龙江省,伊春市,友好区,230704
黑龙江省,伊春市,西林区,230705
黑龙江省,伊春市,翠峦区,230706
黑龙江省,伊春市,新青区,230707
黑龙江省,伊春市,美溪区,230708
黑龙江省,伊春市,金山屯区,230709
黑龙江省,伊春市,五营区,230710
黑龙江省,伊春市,乌马河区,230711
黑龙江省,伊春市,汤旺河区,230712
黑龙江省,伊春市,带岭区,230713
黑龙江省,伊春市,乌伊岭区,230714
黑龙江省,伊春市,红星区,230715
黑龙江省,伊春市,上甘岭区,230716
黑龙江省,伊春市,嘉荫县,230722
黑龙江省,伊春市,铁力市,230781
黑龙江省,佳木斯市,向阳区,230803
黑龙江省,佳木斯市,前进区,230804
黑龙江省,佳木斯市,东风区,230805
黑龙江省,佳木斯市,郊区,230811
黑龙江省,佳木斯市,桦南县,230822
黑龙江省,佳木斯市,桦川县,230826
黑龙江省,佳木斯市,汤原县,230828
黑龙江省,佳木斯市,抚远市,230833
黑龙江省,佳木斯市,同江市,230881
黑龙江省,佳木斯市,富锦市,230882
黑龙江省,七台河市,新兴区,230902
黑龙江省,七台河市,桃山区,230903
黑龙江省,七台河市,茄子河区,230904
黑龙江省,七台河市,勃利县,230921
黑龙江省,牡丹江市,东安区,231002
黑龙江省,牡丹江市,阳明区,231003
黑龙江省,牡丹江市,爱民区,231004
黑龙江省,牡丹江市,西安区,231005
黑龙江省,牡丹江市,东宁市,231024
黑龙江省,牡丹江市,林口县,231025
黑龙江省,牡丹江市,绥芬河市,231081
黑龙江省,牡丹江市,海林市,231083
黑龙江省,牡丹江市,宁安市,231084
黑龙江省,牡丹江市,穆棱市,231085
黑龙江省,黑河市,爱辉区,231102
黑龙江省,黑河市,嫩江县,231121
黑龙江省,黑河市,逊克县,231123
黑龙江省,黑河市,孙吴县,231124
黑龙江省,黑河市,北安市,231181
黑龙江省,黑河市,五大连池市,231182
黑龙江省,绥化市,北林区,231202
黑龙江省,绥化市,望奎县,231221
黑龙江省,绥化市,兰西县,231222
黑龙江省,绥化市,青冈县,231223
黑龙江省,绥化市,庆安县,231224
黑龙江省,绥化市,明水县,231225
黑龙江省,绥化市,绥棱县,231226
黑龙江省,绥化市,安达市,231281
黑龙江省,绥化市,肇东市,231282
黑龙江省,绥化市,海伦市,231283
黑龙江省,大兴安岭地区,加格达奇区,232701
黑龙江省,大兴安岭地区,松岭区,232702
黑龙江省,大兴安岭地区,新林区,232703
黑龙江省,大兴安岭地区,呼中区,232704
黑龙江省,大兴安岭地区,呼玛县,232721
黑龙江省,大兴安岭地区,塔河县,232722
黑龙江省,大兴安岭地区,漠河县,232723